# Add translations for curated AOI names. Only EEZ and IHO rows are included; USER and MPA names are intentionally excluded.
# All seeded locale cells are filled for curated rows; the migration still skips any future intentionally blank cell.
# locale: {"code":"en","english_name":"English","native_name":"English","text_direction":"ltr","fallback_code":null,"is_default":true,"is_active":true,"notes":"Canonical source language stored in base vocabulary tables."}
# locale: {"code":"es","english_name":"Spanish","native_name":"Español","text_direction":"ltr","fallback_code":"en","is_default":false,"is_active":true,"notes":"Initial Cerulean translation roster."}
# locale: {"code":"fr","english_name":"French","native_name":"Français","text_direction":"ltr","fallback_code":"en","is_default":false,"is_active":true,"notes":"Initial Cerulean translation roster."}
# locale: {"code":"pt","english_name":"Portuguese","native_name":"Português","text_direction":"ltr","fallback_code":"en","is_default":false,"is_active":true,"notes":"Initial Cerulean translation roster."}
# locale: {"code":"pt-br","english_name":"Brazilian Portuguese","native_name":"Português (Brasil)","text_direction":"ltr","fallback_code":"pt","is_default":false,"is_active":true,"notes":"Brazilian Portuguese locale seeded alongside generic Portuguese."}
# locale: {"code":"id","english_name":"Indonesian","native_name":"Bahasa Indonesia","text_direction":"ltr","fallback_code":"en","is_default":false,"is_active":true,"notes":"Requested as Bahasa; stored as locale code id."}
# locale: {"code":"sw","english_name":"Swahili","native_name":"Kiswahili","text_direction":"ltr","fallback_code":"en","is_default":false,"is_active":true,"notes":"Initial Cerulean translation roster."}
"source_locale","aoi_type_short_name","mrgid","source_name","source_checksum","es","fr","pt","pt-br","id","sw"
"en","EEZ","5670","Albanian Exclusive Economic Zone","d2aa04122d93748e171795a038487e35","Zona Económica Exclusiva de Albania","Zone économique exclusive d'Albanie","Zona Económica Exclusiva de Albânia","Zona Econômica Exclusiva de Albânia","Zona Ekonomi Eksklusif Albania","Eneo la Kiuchumi la Kipekee la Albania"
"en","EEZ","8378","Algerian Exclusive Economic Zone","a91d6f41f2e6076d5204fabd17db26d0","Zona Económica Exclusiva de Argelia","Zone économique exclusive d'Algérie","Zona Económica Exclusiva de Argélia","Zona Econômica Exclusiva de Argélia","Zona Ekonomi Eksklusif Aljazair","Eneo la Kiuchumi la Kipekee la Algeria"
"en","EEZ","8444","American Samoa Exclusive Economic Zone","7e1a1f9a216e7a79293a51d1626ee9aa","Zona Económica Exclusiva de Samoa Americana","Zone économique exclusive de Samoa américaines","Zona Económica Exclusiva de Samoa Americana","Zona Econômica Exclusiva de Samoa Americana","Zona Ekonomi Eksklusif Samoa Amerika","Eneo la Kiuchumi la Kipekee la Samoa ya Marekani"
"en","EEZ","8386","Amsterdam Island & St. Paul Island Exclusive Economic Zone","4c85127370564911030cc654382b7b37","Zona Económica Exclusiva de las islas Ámsterdam y San Pablo","Zone économique exclusive des îles Amsterdam et Saint-Paul","Zona Económica Exclusiva das ilhas Amsterdam e São Paulo","Zona Econômica Exclusiva das ilhas Amsterdam e São Paulo","Zona Ekonomi Eksklusif Pulau Amsterdam dan Saint-Paul","Eneo la Kiuchumi la Kipekee la Visiwa vya Amsterdam na Saint-Paul"
"en","EEZ","8478","Angolan Exclusive Economic Zone","176ad81422bcb9aa309fa8ced2c9305b","Zona Económica Exclusiva de Angola","Zone économique exclusive d'Angola","Zona Económica Exclusiva de Angola","Zona Econômica Exclusiva de Angola","Zona Ekonomi Eksklusif Angola","Eneo la Kiuchumi la Kipekee la Angola"
"en","EEZ","8412","Anguilla Exclusive Economic Zone","6b59f9d8fae0df92086a2e5a54b41a9a","Zona Económica Exclusiva de Anguila","Zone économique exclusive d'Anguilla","Zona Económica Exclusiva de Anguila","Zona Econômica Exclusiva de Anguila","Zona Ekonomi Eksklusif Anguilla","Eneo la Kiuchumi la Kipekee la Anguilla"
"en","EEZ","8489","Antarctic 200NM zone beyond the coastline","0d5df6e91e9a40fca7196d448fb78202","Zona antártica de 200 millas náuticas más allá de la línea de costa","Zone antarctique de 200 milles nautiques au-delà du littoral","Zona antártica de 200 milhas náuticas além da linha de costa","Zona antártica de 200 milhas náuticas além da linha de costa","Zona Antarktika 200 mil laut di luar garis pantai","Eneo la Antaktiki la maili 200 za baharini nje ya ukanda wa pwani"
"en","EEZ","8414","Antigua and Barbuda Exclusive Economic Zone","0b9f9c9bdcaffb2ee3f60e158190f722","Zona Económica Exclusiva de Antigua y Barbuda","Zone économique exclusive d'Antigua-et-Barbuda","Zona Económica Exclusiva de Antígua e Barbuda","Zona Econômica Exclusiva de Antígua e Barbuda","Zona Ekonomi Eksklusif Antigua dan Barbuda","Eneo la Kiuchumi la Kipekee la Antigua na Barbuda"
"en","EEZ","8466","Argentinean Exclusive Economic Zone","db8697ed0bb06b9ca3336bd78f2a1491","Zona Económica Exclusiva de Argentina","Zone économique exclusive d'Argentine","Zona Económica Exclusiva de Argentina","Zona Econômica Exclusiva de Argentina","Zona Ekonomi Eksklusif Argentina","Eneo la Kiuchumi la Kipekee la Argentina"
"en","EEZ","26519","Aruban Exclusive Economic Zone","3cf79f5818896971302a3d7128ee23b7","Zona Económica Exclusiva de Aruba","Zone économique exclusive d'Aruba","Zona Económica Exclusiva de Aruba","Zona Econômica Exclusiva de Aruba","Zona Ekonomi Eksklusif Aruba","Eneo la Kiuchumi la Kipekee la Aruba"
"en","EEZ","8379","Ascension Exclusive Economic Zone","a03e62abda659018f4cf162df5e5d937","Zona Económica Exclusiva de Ascensión","Zone économique exclusive d'Ascension","Zona Económica Exclusiva de Ascensão","Zona Econômica Exclusiva de Ascensão","Zona Ekonomi Eksklusif Ascension","Eneo la Kiuchumi la Kipekee la Ascension"
"en","EEZ","8323","Australian Exclusive Economic Zone","ac8dd158b5f335ec1a056e261d19dd55","Zona Económica Exclusiva de Australia","Zone économique exclusive d'Australie","Zona Económica Exclusiva de Austrália","Zona Econômica Exclusiva de Austrália","Zona Ekonomi Eksklusif Australia","Eneo la Kiuchumi la Kipekee la Australia"
"en","EEZ","8311","Australian Exclusive Economic Zone (Macquarie Island)","a6ed630feec5f8cbf933db07787fc2f0","Zona Económica Exclusiva de la isla Macquarie","Zone économique exclusive de l'île Macquarie","Zona Económica Exclusiva da ilha Macquarie","Zona Econômica Exclusiva da ilha Macquarie","Zona Ekonomi Eksklusif Pulau Macquarie","Eneo la Kiuchumi la Kipekee la Kisiwa cha Macquarie"
"en","EEZ","26524","Azerbaijanis Exclusive Economic Zone","a7af57d0ad60fa3b58b9ef386019bae3","Zona Económica Exclusiva de Azerbaiyán","Zone économique exclusive d'Azerbaïdjan","Zona Económica Exclusiva de Azerbaijão","Zona Econômica Exclusiva de Azerbaijão","Zona Ekonomi Eksklusif Azerbaijan","Eneo la Kiuchumi la Kipekee la Azerbaijan"
"en","EEZ","8404","Bahamas Exclusive Economic Zone","30d633c1dd64690d3d51eb685b8a21a1","Zona Económica Exclusiva de las Bahamas","Zone économique exclusive des Bahamas","Zona Económica Exclusiva de Bahamas","Zona Econômica Exclusiva de Bahamas","Zona Ekonomi Eksklusif Bahama","Eneo la Kiuchumi la Kipekee la Bahama"
"en","EEZ","8358","Bahraini Exclusive Economic Zone","3f5519612b6a87554c302de4d70efc28","Zona Económica Exclusiva de Baréin","Zone économique exclusive de Bahreïn","Zona Económica Exclusiva de Bahrein","Zona Econômica Exclusiva de Bahrein","Zona Ekonomi Eksklusif Bahrain","Eneo la Kiuchumi la Kipekee la Bahrain"
"en","EEZ","8481","Bangladeshi Exclusive Economic Zone","50417d5525db4bc642f111956990f8ab","Zona Económica Exclusiva de Bangladés","Zone économique exclusive de Bangladesh","Zona Económica Exclusiva de Bangladesh","Zona Econômica Exclusiva de Bangladesh","Zona Ekonomi Eksklusif Bangladesh","Eneo la Kiuchumi la Kipekee la Bangladesh"
"en","EEZ","8418","Barbados Exclusive Economic Zone","680afe55a5b50e7beb2ba2edd38d8b52","Zona Económica Exclusiva de Barbados","Zone économique exclusive de Barbade","Zona Económica Exclusiva de Barbados","Zona Econômica Exclusiva de Barbados","Zona Ekonomi Eksklusif Barbados","Eneo la Kiuchumi la Kipekee la Barbados"
"en","EEZ","8340","Bassas da India Exclusive Economic Zone","9f98cfd982e337c87829afbb2d23ae07","Zona Económica Exclusiva de Bassas da India","Zone économique exclusive de Bassas da India","Zona Económica Exclusiva de Bassas da India","Zona Econômica Exclusiva de Bassas da India","Zona Ekonomi Eksklusif Bassas da India","Eneo la Kiuchumi la Kipekee la Bassas da India"
"en","EEZ","3293","Belgian Exclusive Economic Zone","11fd9b6d012c504a5864533384d34388","Zona Económica Exclusiva de Bélgica","Zone économique exclusive de Belgique","Zona Económica Exclusiva de Bélgica","Zona Econômica Exclusiva de Bélgica","Zona Ekonomi Eksklusif Belgia","Eneo la Kiuchumi la Kipekee la Ubelgiji"
"en","EEZ","8457","Belizean Exclusive Economic Zone","9807ee149cf649c09ccd1db7dd91ce12","Zona Económica Exclusiva de Belice","Zone économique exclusive de Belize","Zona Económica Exclusiva de Belize","Zona Econômica Exclusiva de Belize","Zona Ekonomi Eksklusif Belize","Eneo la Kiuchumi la Kipekee la Belize"
"en","EEZ","8393","Beninese Exclusive Economic Zone","0276af500de8f6461504ce76ef1e199c","Zona Económica Exclusiva de Benín","Zone économique exclusive de Bénin","Zona Económica Exclusiva de Benim","Zona Econômica Exclusiva de Benim","Zona Ekonomi Eksklusif Benin","Eneo la Kiuchumi la Kipekee la Benin"
"en","EEZ","8402","Bermudian Exclusive Economic Zone","9a1bccf5c129dd3caf0c1527fee96d58","Zona Económica Exclusiva de Bermudas","Zone économique exclusive de Bermudes","Zona Económica Exclusiva de Bermudas","Zona Econômica Exclusiva de Bermudas","Zona Ekonomi Eksklusif Bermuda","Eneo la Kiuchumi la Kipekee la Bermuda"
"en","EEZ","26520","Bonaire Exclusive Economic Zone","16d78ddabcb1aca906ea64201e5ab34b","Zona Económica Exclusiva de Bonaire","Zone économique exclusive de Bonaire","Zona Económica Exclusiva de Bonaire","Zona Econômica Exclusiva de Bonaire","Zona Ekonomi Eksklusif Bonaire","Eneo la Kiuchumi la Kipekee la Bonaire"
"en","EEZ","22491","Bosnian and Herzegovinian Exclusive Economic Zone","45508a14a7a3bcc9e452b3a248c085a5","Zona Económica Exclusiva de Bosnia y Herzegovina","Zone économique exclusive de Bosnie-Herzégovine","Zona Económica Exclusiva de Bósnia e Herzegovina","Zona Econômica Exclusiva de Bósnia e Herzegovina","Zona Ekonomi Eksklusif Bosnia dan Herzegovina","Eneo la Kiuchumi la Kipekee la Bosnia na Herzegovina"
"en","EEZ","8464","Brazilian Exclusive Economic Zone","6d19a402b17ecbd8f928397c25b4a331","Zona Económica Exclusiva de Brasil","Zone économique exclusive de Brésil","Zona Económica Exclusiva de Brasil","Zona Econômica Exclusiva de Brasil","Zona Ekonomi Eksklusif Brasil","Eneo la Kiuchumi la Kipekee la Brazil"
"en","EEZ","8381","Brazilian Exclusive Economic Zone (Trindade)","e8e010904ea342de2f9cdc01d5b017c8","Zona Económica Exclusiva de Trindade","Zone économique exclusive de Trindade","Zona Económica Exclusiva de Trindade","Zona Econômica Exclusiva de Trindade","Zona Ekonomi Eksklusif Trindade","Eneo la Kiuchumi la Kipekee la Trindade"
"en","EEZ","8411","British Virgin Islands Exclusive Economic Zone","d3fc2cc6a4876176d4f7cc72c8d695d3","Zona Económica Exclusiva de las Islas Vírgenes Británicas","Zone économique exclusive des îles Vierges britanniques","Zona Económica Exclusiva das Ilhas Virgens Britânicas","Zona Econômica Exclusiva das Ilhas Virgens Britânicas","Zona Ekonomi Eksklusif Kepulauan Virgin Britania Raya","Eneo la Kiuchumi la Kipekee la Visiwa vya Virgin vya Uingereza"
"en","EEZ","26521","Bruneian Exclusive Economic Zone","3a26d0a971feb867559c89dcaa85d44e","Zona Económica Exclusiva de Brunéi","Zone économique exclusive de Brunei","Zona Económica Exclusiva de Brunei","Zona Econômica Exclusiva de Brunei","Zona Ekonomi Eksklusif Brunei","Eneo la Kiuchumi la Kipekee la Brunei"
"en","EEZ","5672","Bulgarian Exclusive Economic Zone","4ac3f7223d9f50e58e6392e150b6add3","Zona Económica Exclusiva de Bulgaria","Zone économique exclusive de Bulgarie","Zona Económica Exclusiva de Bulgária","Zona Econômica Exclusiva de Bulgária","Zona Ekonomi Eksklusif Bulgaria","Eneo la Kiuchumi la Kipekee la Bulgaria"
"en","EEZ","8331","Cambodian Exclusive Economic Zone","116c18dda3489085c7b5d02fc0a91639","Zona Económica Exclusiva de Camboya","Zone économique exclusive de Cambodge","Zona Económica Exclusiva de Camboja","Zona Econômica Exclusiva de Camboja","Zona Ekonomi Eksklusif Kamboja","Eneo la Kiuchumi la Kipekee la Kamboja"
"en","EEZ","8475","Cameroonian Exclusive Economic Zone","8bcf511b381f0d8913f45290153c11bc","Zona Económica Exclusiva de Camerún","Zone économique exclusive de Cameroun","Zona Económica Exclusiva de Camarões","Zona Econômica Exclusiva de Camarões","Zona Ekonomi Eksklusif Kamerun","Eneo la Kiuchumi la Kipekee la Kamerun"
"en","EEZ","8493","Canadian Exclusive Economic Zone","28e22f5f5ad6f563828dd99953a8b341","Zona Económica Exclusiva de Canadá","Zone économique exclusive de Canada","Zona Económica Exclusiva de Canadá","Zona Econômica Exclusiva de Canadá","Zona Ekonomi Eksklusif Kanada","Eneo la Kiuchumi la Kipekee la Kanada"
"en","EEZ","8362","Cape Verdean Exclusive Economic Zone","6e2918c6c33dd0bb6b9aafdb8c556245","Zona Económica Exclusiva de Cabo Verde","Zone économique exclusive de Cap-Vert","Zona Económica Exclusiva de Cabo Verde","Zona Econômica Exclusiva de Cabo Verde","Zona Ekonomi Eksklusif Tanjung Verde","Eneo la Kiuchumi la Kipekee la Kabo Verde"
"en","EEZ","8407","Cayman Islands Exclusive Economic Zone","0d939fc38c65c99432f0c8b3572c4ff6","Zona Económica Exclusiva de las islas Caimán","Zone économique exclusive des îles Caïmans","Zona Económica Exclusiva das ilhas Caimão","Zona Econômica Exclusiva das ilhas Caimão","Zona Ekonomi Eksklusif Kepulauan Cayman","Eneo la Kiuchumi la Kipekee la Visiwa vya Cayman"
"en","EEZ","62589","Chagos Archipelago Exclusive Economic Zone","ee23dafac1c4f7c9c56fa494ba350068","Zona Económica Exclusiva del archipiélago de Chagos","Zone économique exclusive de l'archipel des Chagos","Zona Económica Exclusiva do arquipélago de Chagos","Zona Econômica Exclusiva do arquipélago de Chagos","Zona Ekonomi Eksklusif Kepulauan Chagos","Eneo la Kiuchumi la Kipekee la Funguvisiwa la Chagos"
"en","EEZ","8465","Chilean Exclusive Economic Zone","4f6ff2f4b74e8e75d844917152478140","Zona Económica Exclusiva de Chile","Zone économique exclusive de Chili","Zona Económica Exclusiva de Chile","Zona Econômica Exclusiva de Chile","Zona Ekonomi Eksklusif Chili","Eneo la Kiuchumi la Kipekee la Chile"
"en","EEZ","21787","Chilean Exclusive Economic Zone (Easter Island)","ea3b2a9518fc8d016c449e29f59265ae","Zona Económica Exclusiva de la isla de Pascua (Rapa Nui)","Zone économique exclusive de l'île de Pâques (Rapa Nui)","Zona Económica Exclusiva da ilha de Páscoa (Rapa Nui)","Zona Econômica Exclusiva da ilha de Páscoa (Rapa Nui)","Zona Ekonomi Eksklusif Pulau Paskah (Rapa Nui)","Eneo la Kiuchumi la Kipekee la Kisiwa cha Pasaka (Rapa Nui)"
"en","EEZ","22756","Chilean Exclusive Economic Zone (San Felix and San Ambrosio islands)","fc117942223fc1d056c7766e650b132a","Zona Económica Exclusiva de las islas San Félix y San Ambrosio","Zone économique exclusive des îles San Félix et San Ambrosio","Zona Económica Exclusiva das ilhas San Félix e San Ambrosio","Zona Econômica Exclusiva das ilhas San Félix e San Ambrosio","Zona Ekonomi Eksklusif Kepulauan San Félix dan San Ambrosio","Eneo la Kiuchumi la Kipekee la Visiwa vya San Félix na San Ambrosio"
"en","EEZ","8486","Chinese Exclusive Economic Zone","9b224498ef5c48ef32120a0fe0975e24","Zona Económica Exclusiva de China","Zone économique exclusive de Chine","Zona Económica Exclusiva de China","Zona Econômica Exclusiva de China","Zona Ekonomi Eksklusif Tiongkok","Eneo la Kiuchumi la Kipekee la China"
"en","EEZ","8309","Christmas Island Exclusive Economic Zone","3eb930a13d0ad67b8c2cab6a4f138c1a","Zona Económica Exclusiva de la isla de Navidad","Zone économique exclusive de l'île Christmas","Zona Económica Exclusiva da ilha Christmas","Zona Econômica Exclusiva da ilha Christmas","Zona Ekonomi Eksklusif Pulau Natal","Eneo la Kiuchumi la Kipekee la Kisiwa cha Krismasi"
"en","EEZ","8401","Clipperton Exclusive Economic Zone","9f158041daba239e41d2f6a030465a35","Zona Económica Exclusiva de la Isla Clipperton","Zone économique exclusive de La Passion–Clipperton","Zona Económica Exclusiva da Ilha de Clipperton","Zona Econômica Exclusiva da Ilha de Clipperton","Zona Ekonomi Eksklusif Pulau Clipperton","Eneo la Kiuchumi la Kipekee la Clipperton"
"en","EEZ","8308","Cocos Islands Exclusive Economic Zone","74b7c4c76b13ba263d3f3edfbbbac242","Zona Económica Exclusiva de las islas Cocos","Zone économique exclusive des îles Cocos","Zona Económica Exclusiva das ilhas Cocos","Zona Econômica Exclusiva das ilhas Cocos","Zona Ekonomi Eksklusif Kepulauan Cocos","Eneo la Kiuchumi la Kipekee la Visiwa vya Cocos"
"en","EEZ","8426","Colombian Exclusive Economic Zone","1d422c5c9fe290d9527caf533cb411bc","Zona Económica Exclusiva de Colombia","Zone économique exclusive de Colombie","Zona Económica Exclusiva de Colômbia","Zona Econômica Exclusiva de Colômbia","Zona Ekonomi Eksklusif Kolombia","Eneo la Kiuchumi la Kipekee la Kolombia"
"en","EEZ","48985","Colombian Exclusive Economic Zone (Bajo Nuevo)","f9cea6df1c90cdf122e1b81f3454f953","Zona Económica Exclusiva de Bajo Nuevo","Zone économique exclusive du banc de Bajo Nuevo","Zona Económica Exclusiva da Ilha Baixo Novo","Zona Econômica Exclusiva da Ilha Baixo Novo","Zona Ekonomi Eksklusif Tepi Bajo Nuevo","Eneo la Kiuchumi la Kipekee la Bajo Nuevo Bank"
"en","EEZ","62598","Colombian Exclusive Economic Zone (Quitasueño)","d2408feb089dacf003ca7bed31a87376","Zona Económica Exclusiva del banco Quitasueño","Zone économique exclusive du banc Quitasueño","Zona Económica Exclusiva do Banco Quitasueño","Zona Econômica Exclusiva do Banco Quitasueño","Zona Ekonomi Eksklusif Gosong Quitasueño","Eneo la Kiuchumi la Kipekee la Mwamba wa Quitasueño"
"en","EEZ","62596","Colombian Exclusive Economic Zone (Serrana)","45788fee6d6eb624e5bdef5d110c1fba","Zona Económica Exclusiva del banco Serrana","Zone économique exclusive du banc de Serrana","Zona Económica Exclusiva do Banco Serrana","Zona Econômica Exclusiva do Banco Serrana","Zona Ekonomi Eksklusif Gosong Serrana","Eneo la Kiuchumi la Kipekee la Mwamba wa Serrana"
"en","EEZ","48984","Colombian Exclusive Economic Zone (Serranilla)","d1d1e4dc78abb79cc981d39c9a1060ef","Zona Económica Exclusiva del banco Serranilla","Zone économique exclusive du banc de Serranilla","Zona Económica Exclusiva do Banco Serranilla","Zona Econômica Exclusiva do Banco Serranilla","Zona Ekonomi Eksklusif Gosong Serranilla","Eneo la Kiuchumi la Kipekee la Mwamba wa Serranilla"
"en","EEZ","8334","Comoran Exclusive Economic Zone","c784fd3b6be46f1bf41018da88e39291","Zona Económica Exclusiva de Comoras","Zone économique exclusive de Comores","Zona Económica Exclusiva de Comores","Zona Econômica Exclusiva de Comores","Zona Ekonomi Eksklusif Komoro","Eneo la Kiuchumi la Kipekee la Komoro"
"en","EEZ","8394","Congolese Exclusive Economic Zone","fe7a575ef30514908948e100b5b6276a","Zona Económica Exclusiva de la República del Congo","Zone économique exclusive de la République du Congo","Zona Económica Exclusiva da República do Congo","Zona Econômica Exclusiva da República do Congo","Zona Ekonomi Eksklusif Republik Kongo","Eneo la Kiuchumi la Kipekee la Jamhuri ya Kongo"
"en","EEZ","8446","Cook Islands Exclusive Economic Zone","c07e69cdf3387c889a6f3669a27b6935","Zona Económica Exclusiva de las Islas Cook","Zone économique exclusive des îles Cook","Zona Económica Exclusiva das Ilhas Cook","Zona Econômica Exclusiva das Ilhas Cook","Zona Ekonomi Eksklusif Kepulauan Cook","Eneo la Kiuchumi la Kipekee la Visiwa vya Cook"
"en","EEZ","8424","Costa Rican Exclusive Economic Zone","22cbc1c1676158ae7b9f3f05a02b95d4","Zona Económica Exclusiva de Costa Rica","Zone économique exclusive de Costa Rica","Zona Económica Exclusiva de Costa Rica","Zona Econômica Exclusiva de Costa Rica","Zona Ekonomi Eksklusif Kosta Rika","Eneo la Kiuchumi la Kipekee la Kosta Rika"
"en","EEZ","5673","Croatian Exclusive Economic Zone","29a8886f1490182f8434471492af3df8","Zona Económica Exclusiva de Croacia","Zone économique exclusive de Croatie","Zona Económica Exclusiva de Croácia","Zona Econômica Exclusiva de Croácia","Zona Ekonomi Eksklusif Kroasia","Eneo la Kiuchumi la Kipekee la Kroatia"
"en","EEZ","8385","Crozet Islands Exclusive Economic Zone","19bd47af3028b03bfbc6008c45f02220","Zona Económica Exclusiva de las Islas Crozet","Zone économique exclusive de l'archipel Crozet","Zona Económica Exclusiva das Ilhas Crozet","Zona Econômica Exclusiva das Ilhas Crozet","Zona Ekonomi Eksklusif Kepulauan Crozet","Eneo la Kiuchumi la Kipekee la Crozet Islands"
"en","EEZ","8406","Cuban Exclusive Economic Zone","2d24a1fcb77727bbaf670f2173ca0bc3","Zona Económica Exclusiva de Cuba","Zone économique exclusive de Cuba","Zona Económica Exclusiva de Cuba","Zona Econômica Exclusiva de Cuba","Zona Ekonomi Eksklusif Kuba","Eneo la Kiuchumi la Kipekee la Kuba"
"en","EEZ","26517","Curaçaoan Exclusive Economic Zone","756fa2e43cf2a70a82bc4acfac0bb946","Zona Económica Exclusiva de Curazao","Zone économique exclusive de Curaçao","Zona Económica Exclusiva de Curaçao","Zona Econômica Exclusiva de Curaçao","Zona Ekonomi Eksklusif Curaçao","Eneo la Kiuchumi la Kipekee la Curacao"
"en","EEZ","8376","Cypriote Exclusive Economic Zone","fc35b294c3176dfcf26afe9f4c9a9e72","Zona Económica Exclusiva de Chipre","Zone économique exclusive de Chypre","Zona Económica Exclusiva de Chipre","Zona Econômica Exclusiva de Chipre","Zona Ekonomi Eksklusif Siprus","Eneo la Kiuchumi la Kipekee la Kupro"
"en","EEZ","5674","Danish Exclusive Economic Zone","3fa06957990cf48d66e0929455911a55","Zona Económica Exclusiva de Dinamarca","Zone économique exclusive de Danemark","Zona Económica Exclusiva de Dinamarca","Zona Econômica Exclusiva de Dinamarca","Zona Ekonomi Eksklusif Denmark","Eneo la Kiuchumi la Kipekee la Denmark"
"en","EEZ","8477","Democratic Republic of the Congo Exclusive Economic Zone","6a8df80fe1147d788ae56fc82f72c06d","Zona Económica Exclusiva de la República Democrática del Congo","Zone économique exclusive de la République démocratique du Congo","Zona Económica Exclusiva da República Democrática do Congo","Zona Econômica Exclusiva da República Democrática do Congo","Zona Ekonomi Eksklusif Republik Demokratik Kongo","Eneo la Kiuchumi la Kipekee la Jamhuri ya Kidemokrasia ya Kongo"
"en","EEZ","8352","Djiboutian Exclusive Economic Zone","37a22a247379d6bb8a4410d65b478cf9","Zona Económica Exclusiva de Yibuti","Zone économique exclusive de Djibouti","Zona Económica Exclusiva de Djibouti","Zona Econômica Exclusiva de Djibouti","Zona Ekonomi Eksklusif Jibuti","Eneo la Kiuchumi la Kipekee la Jibuti"
"en","EEZ","8417","Dominican Exclusive Economic Zone","e1b9546acf922e6311b98c6181f4fce9","Zona Económica Exclusiva de Dominica","Zone économique exclusive de Dominique","Zona Económica Exclusiva de Dominica","Zona Econômica Exclusiva de Dominica","Zona Ekonomi Eksklusif Dominika","Eneo la Kiuchumi la Kipekee la Dominica"
"en","EEZ","8409","Dominican Republic Exclusive Economic Zone","99f9f69e11827b4e735b57420dcf5003","Zona Económica Exclusiva de la República Dominicana","Zone économique exclusive de la République dominicaine","Zona Económica Exclusiva da República Dominicana","Zona Econômica Exclusiva da República Dominicana","Zona Ekonomi Eksklusif Republik Dominika","Eneo la Kiuchumi la Kipekee la Jamhuri ya Dominika"
"en","EEZ","5668","Dutch Exclusive Economic Zone","88680a2e1518c93c5a8400ebe47e2e1c","Zona Económica Exclusiva de Países Bajos","Zone économique exclusive de Pays-Bas","Zona Económica Exclusiva de Países Baixos","Zona Econômica Exclusiva de Países Baixos","Zona Ekonomi Eksklusif Belanda","Eneo la Kiuchumi la Kipekee la Uholanzi"
"en","EEZ","8758","East Timorian Exclusive Economic Zone","714a4447204a9953c5f82cf2f9fb6400","Zona Económica Exclusiva de Timor Oriental","Zone économique exclusive de Timor oriental","Zona Económica Exclusiva de Timor-Leste","Zona Econômica Exclusiva de Timor-Leste","Zona Ekonomi Eksklusif Timor Leste","Eneo la Kiuchumi la Kipekee la Timor ya Mashariki"
"en","EEZ","8431","Ecuadorian Exclusive Economic Zone","2db5361b08d5169d215f1a831cd3452e","Zona Económica Exclusiva de Ecuador","Zone économique exclusive d'Équateur","Zona Económica Exclusiva de Equador","Zona Econômica Exclusiva de Equador","Zona Ekonomi Eksklusif Ekuador","Eneo la Kiuchumi la Kipekee la Ekuador"
"en","EEZ","8403","Ecuadorian Exclusive Economic Zone (Galapagos)","fd0d67828a9855fb2d3465bcbfa85132","Zona Económica Exclusiva de Galápagos","Zone économique exclusive de Galápagos","Zona Económica Exclusiva de Galápagos","Zona Econômica Exclusiva de Galápagos","Zona Ekonomi Eksklusif Galápagos","Eneo la Kiuchumi la Kipekee la Galápagos"
"en","EEZ","8490","Egyptian Exclusive Economic Zone","26f7175c4e2aacf798f04769504d0ac8","Zona Económica Exclusiva de Egipto","Zone économique exclusive d'Égypte","Zona Económica Exclusiva de Egito","Zona Econômica Exclusiva de Egito","Zona Ekonomi Eksklusif Mesir","Eneo la Kiuchumi la Kipekee la Misri"
"en","EEZ","8428","El Salvador Exclusive Economic Zone","0cf259184c11efbacc7b907dfbf06b91","Zona Económica Exclusiva del Salvador","Zone économique exclusive de Salvador","Zona Económica Exclusiva de El Salvador","Zona Econômica Exclusiva de El Salvador","Zona Ekonomi Eksklusif El Salvador","Eneo la Kiuchumi la Kipekee la El Salvador"
"en","EEZ","8398","Equatorial Guinean Exclusive Economic Zone","ea8fbeb407779b9d1d8a77fd3ac0c80a","Zona Económica Exclusiva de Guinea Ecuatorial","Zone économique exclusive de Guinée équatoriale","Zona Económica Exclusiva de Guiné Equatorial","Zona Econômica Exclusiva de Guiné Equatorial","Zona Ekonomi Eksklusif Guinea Khatulistiwa","Eneo la Kiuchumi la Kipekee la Guinea ya Ikweta"
"en","EEZ","8351","Eritrean Exclusive Economic Zone","22d22794a233f68884bf12fe3c2cff7b","Zona Económica Exclusiva de Eritrea","Zone économique exclusive d'Érythrée","Zona Económica Exclusiva de Eritreia","Zona Econômica Exclusiva de Eritreia","Zona Ekonomi Eksklusif Eritrea","Eneo la Kiuchumi la Kipekee la Eritrea"
"en","EEZ","5675","Estonian Exclusive Economic Zone","c4fb4d84d69785096e39fde4413f3c58","Zona Económica Exclusiva de Estonia","Zone économique exclusive d'Estonie","Zona Económica Exclusiva de Estónia","Zona Econômica Exclusiva de Estónia","Zona Ekonomi Eksklusif Estonia","Eneo la Kiuchumi la Kipekee la Estonia"
"en","EEZ","8435","Faeroe Exclusive Economic Zone","2c6ab998f3dc355eedeb6b94a9a56fb2","Zona Económica Exclusiva de las islas Feroe","Zone économique exclusive des îles Féroé","Zona Económica Exclusiva das ilhas Faroé","Zona Econômica Exclusiva das ilhas Faroé","Zona Ekonomi Eksklusif Kepulauan Faroe","Eneo la Kiuchumi la Kipekee la Visiwa vya Faroe"
"en","EEZ","8325","Fijian Exclusive Economic Zone","a9ca5526365325bbaf94abffaacc3901","Zona Económica Exclusiva de Fiyi","Zone économique exclusive de Fidji","Zona Económica Exclusiva de Fiji","Zona Econômica Exclusiva de Fiji","Zona Ekonomi Eksklusif Fiji","Eneo la Kiuchumi la Kipekee la Fiji"
"en","EEZ","5676","Finnish Exclusive Economic Zone","e45516d0ac7d336df09e801d5188b832","Zona Económica Exclusiva de Finlandia","Zone économique exclusive de Finlande","Zona Económica Exclusiva de Finlândia","Zona Econômica Exclusiva de Finlândia","Zona Ekonomi Eksklusif Finlandia","Eneo la Kiuchumi la Kipekee la Ufini"
"en","EEZ","5677","French Exclusive Economic Zone","90d8599dabf64a5c1d66fceb14a5d6ff","Zona Económica Exclusiva de Francia","Zone économique exclusive de France","Zona Económica Exclusiva de França","Zona Econômica Exclusiva de França","Zona Ekonomi Eksklusif Prancis","Eneo la Kiuchumi la Kipekee la Ufaransa"
"en","EEZ","8462","French Guiana Exclusive Economic Zone","f22630bc54eb3a2b08a3517e3e8bc74e","Zona Económica Exclusiva de Guayana Francesa","Zone économique exclusive de Guyane française","Zona Económica Exclusiva de Guiana Francesa","Zona Econômica Exclusiva de Guiana Francesa","Zona Ekonomi Eksklusif Guyana Prancis","Eneo la Kiuchumi la Kipekee la Guyana ya Kifaransa"
"en","EEZ","8440","French Polynesian Exclusive Economic Zone","73806135be7fa9c4a71098225577a7a7","Zona Económica Exclusiva de Polinesia Francesa","Zone économique exclusive de Polynésie française","Zona Económica Exclusiva de Polinésia Francesa","Zona Econômica Exclusiva de Polinésia Francesa","Zona Ekonomi Eksklusif Polinesia Prancis","Eneo la Kiuchumi la Kipekee la Polinesia ya Kifaransa"
"en","EEZ","8476","Gabonese Exclusive Economic Zone","bcf3c8b2b5cc008cdcc3f5c28ac6373d","Zona Económica Exclusiva de Gabón","Zone économique exclusive de Gabon","Zona Económica Exclusiva de Gabão","Zona Econômica Exclusiva de Gabão","Zona Ekonomi Eksklusif Gabon","Eneo la Kiuchumi la Kipekee la Gabon"
"en","EEZ","8370","Gambian Exclusive Economic Zone","662d9ca61373a4932947a345b63515b8","Zona Económica Exclusiva de Gambia","Zone économique exclusive de Gambie","Zona Económica Exclusiva de Gâmbia","Zona Econômica Exclusiva de Gâmbia","Zona Ekonomi Eksklusif Gambia","Eneo la Kiuchumi la Kipekee la Gambia"
"en","EEZ","5678","Georgian Exclusive Economic Zone","4f01827a848ccdf824bc20c1a399e2d6","Zona Económica Exclusiva de Georgia","Zone économique exclusive de Géorgie","Zona Económica Exclusiva de Geórgia","Zona Econômica Exclusiva de Geórgia","Zona Ekonomi Eksklusif Georgia","Eneo la Kiuchumi la Kipekee la Georgia"
"en","EEZ","5669","German Exclusive Economic Zone","165b4baa1689d902e7e943a9e0ee77c5","Zona Económica Exclusiva de Alemania","Zone économique exclusive d'Allemagne","Zona Económica Exclusiva de Alemanha","Zona Econômica Exclusiva de Alemanha","Zona Ekonomi Eksklusif Jerman","Eneo la Kiuchumi la Kipekee la Ujerumani"
"en","EEZ","8400","Ghanaian Exclusive Economic Zone","d7553612930b7c4cb43af46acf4d2106","Zona Económica Exclusiva de Ghana","Zone économique exclusive de Ghana","Zona Económica Exclusiva de Gana","Zona Econômica Exclusiva de Gana","Zona Ekonomi Eksklusif Ghana","Eneo la Kiuchumi la Kipekee la Ghana"
"en","EEZ","5679","Greek Exclusive Economic Zone","af9e31ccae7864b5b33e8e057977926f","Zona Económica Exclusiva de Grecia","Zone économique exclusive de Grèce","Zona Económica Exclusiva de Grécia","Zona Econômica Exclusiva de Grécia","Zona Ekonomi Eksklusif Yunani","Eneo la Kiuchumi la Kipekee la Ugiriki"
"en","EEZ","8438","Greenlandic Exclusive Economic Zone","28f27c2743794f875f3836e946ff10b4","Zona Económica Exclusiva de Groenlandia","Zone économique exclusive de Groenland","Zona Económica Exclusiva de Groenlândia","Zona Econômica Exclusiva de Groenlândia","Zona Ekonomi Eksklusif Greenland","Eneo la Kiuchumi la Kipekee la Grinlandi"
"en","EEZ","8419","Grenadian Exclusive Economic Zone","33e4f272b178497a90f040eb0aea251f","Zona Económica Exclusiva de Granada","Zone économique exclusive de Grenade","Zona Económica Exclusiva de Granada","Zona Econômica Exclusiva de Granada","Zona Ekonomi Eksklusif Grenada","Eneo la Kiuchumi la Kipekee la Grenada"
"en","EEZ","33177","Guadeloupean Exclusive Economic Zone","59e025c7109287c756369349b93424ca","Zona Económica Exclusiva de Guadalupe","Zone économique exclusive de Guadeloupe","Zona Económica Exclusiva de Guadalupe","Zona Econômica Exclusiva de Guadalupe","Zona Ekonomi Eksklusif Guadeloupe","Eneo la Kiuchumi la Kipekee la Guadeloupe"
"en","EEZ","48957","Guam Exclusive Economic Zone","0d59c490156d8600539ecbb5369ef025","Zona Económica Exclusiva de Guam","Zone économique exclusive de Guam","Zona Económica Exclusiva de Guam","Zona Econômica Exclusiva de Guam","Zona Ekonomi Eksklusif Guam","Eneo la Kiuchumi la Kipekee la Guam"
"en","EEZ","8430","Guatemalan Exclusive Economic Zone","5afed41da4ffd9796675140c1c1627ea","Zona Económica Exclusiva de Guatemala","Zone économique exclusive de Guatemala","Zona Económica Exclusiva de Guatemala","Zona Econômica Exclusiva de Guatemala","Zona Ekonomi Eksklusif Guatemala","Eneo la Kiuchumi la Kipekee la Guatemala"
"en","EEZ","21788","Guernsey Exclusive Economic Zone","95d2f84b30cbbc362c1ceaf1caa565f4","Zona Económica Exclusiva de Guernsey","Zone économique exclusive de bailliage de Guernesey","Zona Económica Exclusiva de Guernsey","Zona Econômica Exclusiva de Guernsey","Zona Ekonomi Eksklusif Bailiwick of Guernsey","Eneo la Kiuchumi la Kipekee la Guernsey"
"en","EEZ","8471","Guinea Bissau Exclusive Economic Zone","1bdd36d2f3629ce96bae4c18dc9b706e","Zona Económica Exclusiva de Guinea-Bisáu","Zone économique exclusive de Guinée-Bissau","Zona Económica Exclusiva de Guiné-Bissau","Zona Econômica Exclusiva de Guiné-Bissau","Zona Ekonomi Eksklusif Guinea-Bissau","Eneo la Kiuchumi la Kipekee la Ginebisau"
"en","EEZ","8472","Guinean Exclusive Economic Zone","68b99438c61a6af869c5a3b6c951725e","Zona Económica Exclusiva de Guinea","Zone économique exclusive de Guinea","Zona Económica Exclusiva de Guinea","Zona Econômica Exclusiva de Guinea","Zona Ekonomi Eksklusif Guinea","Eneo la Kiuchumi la Kipekee la Guinea"
"en","EEZ","8460","Guyanese Exclusive Economic Zone","b2df297e4950a2988dc59a155a5c4569","Zona Económica Exclusiva de Guyana","Zone économique exclusive de Guyana","Zona Económica Exclusiva de Guiana","Zona Econômica Exclusiva de Guiana","Zona Ekonomi Eksklusif Guyana","Eneo la Kiuchumi la Kipekee la Guyana"
"en","EEZ","8408","Haitian Exclusive Economic Zone","3ff5b16b0d16c1d134964a25824c57a5","Zona Económica Exclusiva de Haití","Zone économique exclusive de Haïti","Zona Económica Exclusiva de Haiti","Zona Econômica Exclusiva de Haiti","Zona Ekonomi Eksklusif Haiti","Eneo la Kiuchumi la Kipekee la Haiti"
"en","EEZ","8388","Heard and McDonald Islands Exclusive Economic Zone","850b19b213ce2f70e032acdaf07d9cf1","Zona Económica Exclusiva de las islas Heard y McDonald","Zone économique exclusive des îles Heard-et-MacDonald","Zona Económica Exclusiva das ilhas Heard e McDonald","Zona Econômica Exclusiva das ilhas Heard e McDonald","Zona Ekonomi Eksklusif Pulau Heard dan Kepulauan McDonald","Eneo la Kiuchumi la Kipekee la Visiwa vya Heard na McDonald"
"en","EEZ","63203","High Seas","d4086ea5feeb69668c5eb78ec9be8ad0","alta mar","haute mer","alto-mar","alto-mar","laut lepas","bahari kuu"
"en","EEZ","8427","Honduran Exclusive Economic Zone","5c6d58cdeb5b86ad71ef184ac0166137","Zona Económica Exclusiva de Honduras","Zone économique exclusive de Honduras","Zona Económica Exclusiva de Honduras","Zona Econômica Exclusiva de Honduras","Zona Ekonomi Eksklusif Honduras","Eneo la Kiuchumi la Kipekee la Honduras"
"en","EEZ","8451","Howland and Baker Islands Exclusive Economic Zone","20fd74efb30f375b658230bc1af1b2f1","Zona Económica Exclusiva de las islas Howland y Baker","Zone économique exclusive des îles Howland et Baker","Zona Económica Exclusiva das ilhas Howland e Baker","Zona Econômica Exclusiva das ilhas Howland e Baker","Zona Ekonomi Eksklusif Pulau Howland dan Baker","Eneo la Kiuchumi la Kipekee la Visiwa vya Howland na Baker"
"en","EEZ","5680","Icelandic Exclusive Economic Zone","dd456a06e5921f27a36f8eebd3ca381e","Zona Económica Exclusiva de Islandia","Zone économique exclusive d'Islande","Zona Económica Exclusiva de Islândia","Zona Econômica Exclusiva de Islândia","Zona Ekonomi Eksklusif Islandia","Eneo la Kiuchumi la Kipekee la Iceland"
"en","EEZ","8341","Ile Europa Exclusive Economic Zone","54afbbffe807e80ea78f14c8c40b4b64","Zona Económica Exclusiva de la isla Europa","Zone économique exclusive de l'île Europa","Zona Económica Exclusiva da ilha Europa","Zona Econômica Exclusiva da ilha Europa","Zona Ekonomi Eksklusif Pulau Europa","Eneo la Kiuchumi la Kipekee la Kisiwa cha Europa"
"en","EEZ","8480","Indian Exclusive Economic Zone","18acf19dfb7295923a329072585120b5","Zona Económica Exclusiva de India","Zone économique exclusive d'Inde","Zona Económica Exclusiva de Índia","Zona Econômica Exclusiva de Índia","Zona Ekonomi Eksklusif India","Eneo la Kiuchumi la Kipekee la Uhindi"
"en","EEZ","8333","Indian Exclusive Economic Zone (Andaman and Nicobar Islands)","2e85c3e5657dde2ddcbc4caae7e70acc","Zona Económica Exclusiva de las islas Andamán y Nicobar","Zone économique exclusive des îles Andaman-et-Nicobar","Zona Económica Exclusiva das ilhas Andamão e Nicobar","Zona Econômica Exclusiva das ilhas Andamão e Nicobar","Zona Ekonomi Eksklusif Kepulauan Andaman dan Nikobar","Eneo la Kiuchumi la Kipekee la Visiwa vya Andaman na Nicobar"
"en","EEZ","8492","Indonesian Exclusive Economic Zone","294ce90e6b7ab0d4cc8e5e374f53c0b2","Zona Económica Exclusiva de Indonesia","Zone économique exclusive d'Indonésie","Zona Económica Exclusiva de Indonésia","Zona Econômica Exclusiva de Indonésia","Zona Ekonomi Eksklusif Indonesia","Eneo la Kiuchumi la Kipekee la Indonesia"
"en","EEZ","8469","Iranian Exclusive Economic Zone","412b2272a10d1960ced39c1ed3eaab18","Zona Económica Exclusiva de Irán","Zone économique exclusive d'Iran","Zona Económica Exclusiva de Irão","Zona Econômica Exclusiva de Irão","Zona Ekonomi Eksklusif Iran","Eneo la Kiuchumi la Kipekee la Uajemi"
"en","EEZ","8470","Iraqi Exclusive Economic Zone","a0c31b8e2dc96e225d8a888eb2403a91","Zona Económica Exclusiva de Irak","Zone économique exclusive d'Irak","Zona Económica Exclusiva de Iraque","Zona Econômica Exclusiva de Iraque","Zona Ekonomi Eksklusif Irak","Eneo la Kiuchumi la Kipekee la Iraq"
"en","EEZ","5681","Irish Exclusive Economic Zone","f69bfd2fb16834b434ee19ea08a06626","Zona Económica Exclusiva de Irlanda","Zone économique exclusive d'Irlande","Zona Económica Exclusiva de República da Irlanda","Zona Econômica Exclusiva de República da Irlanda","Zona Ekonomi Eksklusif Republik Irlandia","Eneo la Kiuchumi la Kipekee la Eire"
"en","EEZ","8375","Israeli Exclusive Economic Zone","26fefc77907ce5d9a4e3525cb3d101de","Zona Económica Exclusiva de Israel","Zone économique exclusive d'Israël","Zona Económica Exclusiva de Israel","Zona Econômica Exclusiva de Israel","Zona Ekonomi Eksklusif Israel","Eneo la Kiuchumi la Kipekee la Israel"
"en","EEZ","5682","Italian Exclusive Economic Zone","cc1d6a8a34ac7282911539be87a3acdd","Zona Económica Exclusiva de Italia","Zone économique exclusive d'Italie","Zona Económica Exclusiva de Itália","Zona Econômica Exclusiva de Itália","Zona Ekonomi Eksklusif Italia","Eneo la Kiuchumi la Kipekee la Italia"
"en","EEZ","8473","Ivory Coast Exclusive Economic Zone","0cd4fa609808bb6d48bd1e5231cfe07e","Zona Económica Exclusiva de Costa de Marfil","Zone économique exclusive de Côte d'Ivoire","Zona Económica Exclusiva de Costa do Marfim","Zona Econômica Exclusiva de Costa do Marfim","Zona Ekonomi Eksklusif Pantai Gading","Eneo la Kiuchumi la Kipekee la Kodivaa"
"en","EEZ","8459","Jamaican Exclusive Economic Zone","66bed6bb3554910775b175cac2bcbdf5","Zona Económica Exclusiva de Jamaica","Zone économique exclusive de Jamaïque","Zona Económica Exclusiva de Jamaica","Zona Econômica Exclusiva de Jamaica","Zona Ekonomi Eksklusif Jamaika","Eneo la Kiuchumi la Kipekee la Jamaika"
"en","EEZ","8437","Jan Mayen Exclusive Economic Zone","fb11328f7a5bfc694bf0329ce03f27aa","Zona Económica Exclusiva de Jan Mayen","Zone économique exclusive de Jan Mayen","Zona Económica Exclusiva de Jan Mayen","Zona Econômica Exclusiva de Jan Mayen","Zona Ekonomi Eksklusif Jan Mayen","Eneo la Kiuchumi la Kipekee la Jan Mayen"
"en","EEZ","8487","Japanese Exclusive Economic Zone","7157767702a782d9821f41bb63e180e8","Zona Económica Exclusiva de Japón","Zone économique exclusive de Japon","Zona Económica Exclusiva de Japão","Zona Econômica Exclusiva de Japão","Zona Ekonomi Eksklusif Jepang","Eneo la Kiuchumi la Kipekee la Japani"
"en","EEZ","8442","Jarvis Island Exclusive Economic Zone","dc7125321a93a2ea357f1273eab01211","Zona Económica Exclusiva de la Isla Jarvis","Zone économique exclusive de l'île Jarvis","Zona Económica Exclusiva da Ilha Jarvis","Zona Econômica Exclusiva da Ilha Jarvis","Zona Ekonomi Eksklusif Pulau Jarvis","Eneo la Kiuchumi la Kipekee la Jarvis Island"
"en","EEZ","21789","Jersey Exclusive Economic Zone","55c4c58606575f93c26a635fe5124df5","Zona Económica Exclusiva de Jersey","Zone économique exclusive de Jersey","Zona Económica Exclusiva de Jersey","Zona Econômica Exclusiva de Jersey","Zona Ekonomi Eksklusif Jersey","Eneo la Kiuchumi la Kipekee la Jersey"
"en","EEZ","8452","Johnston Atoll Exclusive Economic Zone","319a025a8927a23d0a97a31687a68fb5","Zona Económica Exclusiva del Atolón Johnston","Zone économique exclusive de l'atoll Johnston","Zona Económica Exclusiva do Atol Johnston","Zona Econômica Exclusiva do Atol Johnston","Zona Ekonomi Eksklusif Atol Johnston","Eneo la Kiuchumi la Kipekee la Johnston Atoll"
"en","EEZ","48961","Joint regime area Argentina / Uruguay","d4a5fe3e4d852a8735a95a4a630477ac","Área de régimen conjunto Argentina / Uruguay","Zone de régime conjoint Argentine / Uruguay","Área de regime conjunto Argentina / Uruguai","Área de regime conjunto Argentina / Uruguai","Wilayah rezim bersama Argentina / Uruguay","Eneo la utawala wa pamoja Argentina / Uruguay"
"en","EEZ","48970","Joint regime area Colombia / Dominican Republic","fda7c18c5395c6410c5a458053601502","Área de régimen conjunto Colombia / la República Dominicana","Zone de régime conjoint Colombie / la République dominicaine","Área de regime conjunto Colômbia / a República Dominicana","Área de regime conjunto Colômbia / a República Dominicana","Wilayah rezim bersama Kolombia / Republik Dominika","Eneo la utawala wa pamoja Kolombia / Jamhuri ya Dominika"
"en","EEZ","21792","Joint regime area Colombia / Jamaica","905471bf6e94faf60ceb9d665376c3f9","Área de régimen conjunto Colombia / Jamaica","Zone de régime conjoint Colombie / Jamaïque","Área de regime conjunto Colômbia / Jamaica","Área de regime conjunto Colômbia / Jamaica","Wilayah rezim bersama Kolombia / Jamaika","Eneo la utawala wa pamoja Kolombia / Jamaika"
"en","EEZ","48968","Joint regime area Costa Rica / Ecuador (Galapagos)","56a4be86961ee7137796fcef77ff8d58","Área de régimen conjunto Costa Rica / Ecuador (Galápagos)","Zone de régime conjoint Costa Rica / Équateur (Galápagos)","Área de regime conjunto Costa Rica / Equador (Galápagos)","Área de regime conjunto Costa Rica / Equador (Galápagos)","Wilayah rezim bersama Kosta Rika / Ekuador (Galápagos)","Eneo la utawala wa pamoja Kosta Rika / Ekuador (Galápagos)"
"en","EEZ","50167","Joint regime area Croatia / Slovenia","c308c216b4df7b0d8bb33e9e59f6269c","Área de régimen conjunto Croacia / Eslovenia","Zone de régime conjoint Croatie / Slovénie","Área de regime conjunto Croácia / Eslovénia","Área de regime conjunto Croácia / Eslovénia","Wilayah rezim bersama Kroasia / Slovenia","Eneo la utawala wa pamoja Kroatia / Slovenia"
"en","EEZ","48974","Joint regime area Ecuador / Colombia","ca19ce45bd6c2acbd6d92ba68a98d670","Área de régimen conjunto Ecuador / Colombia","Zone de régime conjoint Équateur / Colombie","Área de regime conjunto Equador / Colômbia","Área de regime conjunto Equador / Colômbia","Wilayah rezim bersama Ekuador / Kolombia","Eneo la utawala wa pamoja Ekuador / Kolombia"
"en","EEZ","48969","Joint regime area Guyana / Barbados","f476f68b5ee7acc974b25ded37d86536","Área de régimen conjunto Guyana / Barbados","Zone de régime conjoint Guyana / Barbade","Área de regime conjunto Guiana / Barbados","Área de regime conjunto Guiana / Barbados","Wilayah rezim bersama Guyana / Barbados","Eneo la utawala wa pamoja Guyana / Barbados"
"en","EEZ","48972","Joint regime area Honduras / Cayman Islands","ca2c0afa204619cd9df660ecb33a2cf0","Área de régimen conjunto Honduras / islas Caimán","Zone de régime conjoint Honduras / îles Caïmans","Área de regime conjunto Honduras / ilhas Caimão","Área de regime conjunto Honduras / ilhas Caimão","Wilayah rezim bersama Honduras / Kepulauan Cayman","Eneo la utawala wa pamoja Honduras / Visiwa vya Cayman"
"en","EEZ","48973","Joint regime area Iceland / Denmark (Faeroe Islands)","d309a68e450e14c31df87e7cde4ef1a7","Área de régimen conjunto Islandia / Dinamarca (islas Feroe)","Zone de régime conjoint Islande / Danemark (îles Féroé)","Área de regime conjunto Islândia / Dinamarca (ilhas Faroé)","Área de regime conjunto Islândia / Dinamarca (ilhas Faroé)","Wilayah rezim bersama Islandia / Denmark (Kepulauan Faroe)","Eneo la utawala wa pamoja Iceland / Denmark (Visiwa vya Faroe)"
"en","EEZ","48975","Joint regime area Iceland / Norway (Jan Mayen)","d47e69f9b8f701c3d31bf55297053d74","Área de régimen conjunto Islandia / Noruega (Jan Mayen)","Zone de régime conjoint Islande / Norvège (Jan Mayen)","Área de regime conjunto Islândia / Noruega (Jan Mayen)","Área de regime conjunto Islândia / Noruega (Jan Mayen)","Wilayah rezim bersama Islandia / Norwegia (Jan Mayen)","Eneo la utawala wa pamoja Iceland / Norwei (Jan Mayen)"
"en","EEZ","48976","Joint regime area Italy / France","446b55bc058cb8316f2f3072db75edb1","Área de régimen conjunto Italia / Francia","Zone de régime conjoint Italie / France","Área de regime conjunto Itália / França","Área de regime conjunto Itália / França","Wilayah rezim bersama Italia / Prancis","Eneo la utawala wa pamoja Italia / Ufaransa"
"en","EEZ","21796","Joint regime area Japan / Korea","759ab146828d2583df466390577fdb0f","Área de régimen conjunto Japón / Corea","Zone de régime conjoint Japon / Corée","Área de regime conjunto Japão / Coreia","Área de regime conjunto Japão / Coreia","Wilayah rezim bersama Jepang / Korea","Eneo la utawala wa pamoja Japani / Korea"
"en","EEZ","21797","Joint regime area Nigeria / Sao Tome and Principe","be41a3a8f77ce80ed612232ff082ba2c","Área de régimen conjunto Nigeria / Santo Tomé y Príncipe","Zone de régime conjoint Nigeria / Sao Tomé-et-Principe","Área de regime conjunto Nigéria / São Tomé e Príncipe","Área de regime conjunto Nigéria / São Tomé e Príncipe","Wilayah rezim bersama Nigeria / Sao Tome dan Principe","Eneo la utawala wa pamoja Nigeria / Sao Tome na Principe"
"en","EEZ","48962","Joint regime area Peru / Ecuador","1808309f6235f0a1d8dc3f60be5b7643","Área de régimen conjunto Perú / Ecuador","Zone de régime conjoint Pérou / Équateur","Área de regime conjunto Peru / Equador","Área de regime conjunto Peru / Equador","Wilayah rezim bersama Peru / Ekuador","Eneo la utawala wa pamoja Peru / Ekuador"
"en","EEZ","48964","Joint regime area Senegal / Guinea Bissau","aaf0b68428fc8fefe3e40313028d6716","Área de régimen conjunto Senegal / Guinea-Bisáu","Zone de régime conjoint Sénégal / Guinée-Bissau","Área de regime conjunto Senegal / Guiné-Bissau","Área de regime conjunto Senegal / Guiné-Bissau","Wilayah rezim bersama Senegal / Guinea-Bissau","Eneo la utawala wa pamoja Senegal / Guinea Bisau"
"en","EEZ","48966","Joint regime area Spain / France","12a154186e7947766c7f06bafed9b612","Área de régimen conjunto España / Francia","Zone de régime conjoint Espagne / France","Área de regime conjunto Espanha / França","Área de regime conjunto Espanha / França","Wilayah rezim bersama Spanyol / Prancis","Eneo la utawala wa pamoja Uhispania / Ufaransa"
"en","EEZ","48977","Joint regime area Sweden / Norway","fae796da0eef5533624787ad21c0b57f","Área de régimen conjunto Suecia / Noruega","Zone de régime conjoint Suède / Norvège","Área de regime conjunto Suécia / Noruega","Área de regime conjunto Suécia / Noruega","Wilayah rezim bersama Swedia / Norwegia","Eneo la utawala wa pamoja Uswidi / Norwei"
"en","EEZ","48967","Joint regime area United Kingdom / Denmark (Faeroe Islands)","55bf21a04ca4dd1aa29626c694f64300","Área de régimen conjunto Reino Unido / Dinamarca (islas Feroe)","Zone de régime conjoint Royaume-Uni / Danemark (îles Féroé)","Área de regime conjunto Reino Unido / Dinamarca (ilhas Faroé)","Área de regime conjunto Reino Unido / Dinamarca (ilhas Faroé)","Wilayah rezim bersama Britania Raya / Denmark (Kepulauan Faroe)","Eneo la utawala wa pamoja Uingereza / Denmark (Visiwa vya Faroe)"
"en","EEZ","48978","Joint regime area United States / Russia","cddd72e1a0b3f09c958c3323157183f8","Área de régimen conjunto Estados Unidos / Rusia","Zone de régime conjoint États-Unis / Russie","Área de regime conjunto Estados Unidos / Rússia","Área de regime conjunto Estados Unidos / Rússia","Wilayah rezim bersama Amerika Serikat / Rusia","Eneo la utawala wa pamoja Marekani / Urusi"
"en","EEZ","8491","Jordanian Exclusive Economic Zone","96505e2c0087cc6e61edc96f471ab501","Zona Económica Exclusiva de Jordan","Zone économique exclusive de Jordan","Zona Económica Exclusiva de Jordan","Zona Econômica Exclusiva de Jordan","Zona Ekonomi Eksklusif Jordan","Eneo la Kiuchumi la Kipekee la Jordan"
"en","EEZ","8339","Juan de Nova Exclusive Economic Zone","d0277d4e5a31073494fd8fe632388ea1","Zona Económica Exclusiva de la isla Juan de Nova","Zone économique exclusive de l'île Juan de Nova","Zona Económica Exclusiva da ilha Juan de Nova","Zona Econômica Exclusiva da ilha Juan de Nova","Zona Ekonomi Eksklusif Pulau Juan de Nova","Eneo la Kiuchumi la Kipekee la Kisiwa cha Juan de Nova"
"en","EEZ","26522","Kazakh Exclusive Economic Zone","df0b6db7a79c6d714bd42e426ca76046","Zona Económica Exclusiva de Kazajistán","Zone économique exclusive de Kazakhstan","Zona Económica Exclusiva de Cazaquistão","Zona Econômica Exclusiva de Cazaquistão","Zona Ekonomi Eksklusif Kazakhstan","Eneo la Kiuchumi la Kipekee la Kazakhstan"
"en","EEZ","8349","Kenyan Exclusive Economic Zone","e578135eacd077264cf7bb7dad16e5d0","Zona Económica Exclusiva de Kenia","Zone économique exclusive de Kenya","Zona Económica Exclusiva de Quénia","Zona Econômica Exclusiva de Quénia","Zona Ekonomi Eksklusif Kenya","Eneo la Kiuchumi la Kipekee la Kenya"
"en","EEZ","8387","Kerguelen Exclusive Economic Zone","a1879cfe1b981198773d36c3f214449c","Zona Económica Exclusiva de Kerguelen","Zone économique exclusive de Kerguelen","Zona Económica Exclusiva de Kerguelen","Zona Econômica Exclusiva de Kerguelen","Zona Ekonomi Eksklusif Kerguelen","Eneo la Kiuchumi la Kipekee la Kerguelen"
"en","EEZ","8488","Kiribati Exclusive Economic Zone (Gilbert Islands)","10cced89cb5f58d7d133b17124b6fd91","Zona Económica Exclusiva de las Islas Gilbert","Zone économique exclusive des îles Gilbert","Zona Económica Exclusiva das Ilhas Gilbert","Zona Econômica Exclusiva das Ilhas Gilbert","Zona Ekonomi Eksklusif Kepulauan Gilbert","Eneo la Kiuchumi la Kipekee la Gilbert Islands"
"en","EEZ","8441","Kiribati Exclusive Economic Zone (Line Islands)","2dc1a1d90b7d3b9b06951c1bd4e5c1cf","Zona Económica Exclusiva de Line Group","Zone économique exclusive de Line Group","Zona Económica Exclusiva de Line Group","Zona Econômica Exclusiva de Line Group","Zona Ekonomi Eksklusif Line Group","Eneo la Kiuchumi la Kipekee la Line Group"
"en","EEZ","8450","Kiribati Exclusive Economic Zone (Phoenix Islands)","1190e6e31a71a6c47b40e5fc584416ae","Zona Económica Exclusiva de las islas Fénix","Zone économique exclusive des îles Phœnix","Zona Económica Exclusiva das ilhas Fénix","Zona Econômica Exclusiva das ilhas Fénix","Zona Ekonomi Eksklusif Kepulauan Phoenix","Eneo la Kiuchumi la Kipekee la Visiwa vya Phoenix"
"en","EEZ","8357","Kuwaiti Exclusive Economic Zone","8915fa62e32b36c92040025b8c3f294e","Zona Económica Exclusiva de Kuwait","Zone économique exclusive de Koweït","Zona Económica Exclusiva de Kuwait","Zona Econômica Exclusiva de Kuwait","Zona Ekonomi Eksklusif Kuwait","Eneo la Kiuchumi la Kipekee la Kuwait"
"en","EEZ","5683","Latvian Exclusive Economic Zone","db4351a054fa237cb8ae4940b559adf1","Zona Económica Exclusiva de Letonia","Zone économique exclusive de Lettonie","Zona Económica Exclusiva de Letónia","Zona Econômica Exclusiva de Letónia","Zona Ekonomi Eksklusif Latvia","Eneo la Kiuchumi la Kipekee la Latvia"
"en","EEZ","8374","Lebanese Exclusive Economic Zone","27249762e47ae342bf8a7adc83a9a38c","Zona Económica Exclusiva de Líbano","Zone économique exclusive de Liban","Zona Económica Exclusiva de Líbano","Zona Econômica Exclusiva de Líbano","Zona Ekonomi Eksklusif Lebanon","Eneo la Kiuchumi la Kipekee la Lebanoni"
"en","EEZ","8391","Liberian Exclusive Economic Zone","13e989aa0bb13b2b3fbea70e8cff3602","Zona Económica Exclusiva de Liberia","Zone économique exclusive de Liberia","Zona Económica Exclusiva de Libéria","Zona Econômica Exclusiva de Libéria","Zona Ekonomi Eksklusif Liberia","Eneo la Kiuchumi la Kipekee la Liberia"
"en","EEZ","8372","Libyan Exclusive Economic Zone","98be17dcd6811016955cd64938d74783","Zona Económica Exclusiva de Libia","Zone économique exclusive de Libye","Zona Económica Exclusiva de Líbia","Zona Econômica Exclusiva de Líbia","Zona Ekonomi Eksklusif Libya","Eneo la Kiuchumi la Kipekee la Libya"
"en","EEZ","5684","Lithuanian Exclusive Economic Zone","61d6eaf2a7f7b80f09cf4d2b3af2bd5a","Zona Económica Exclusiva de Lituania","Zone économique exclusive de Lituanie","Zona Económica Exclusiva de Lituânia","Zona Econômica Exclusiva de Lituânia","Zona Ekonomi Eksklusif Lituania","Eneo la Kiuchumi la Kipekee la Lituanya"
"en","EEZ","8348","Madagascan Exclusive Economic Zone","998d29c9c3daab870a7271f460ddd528","Zona Económica Exclusiva de Madagascar","Zone économique exclusive de Madagascar","Zona Económica Exclusiva de Madagáscar","Zona Econômica Exclusiva de Madagáscar","Zona Ekonomi Eksklusif Madagaskar","Eneo la Kiuchumi la Kipekee la Madagaska"
"en","EEZ","8483","Malaysian Exclusive Economic Zone","32e9be44dd91def3a72b9177ae839dd7","Zona Económica Exclusiva de Malasia","Zone économique exclusive de Malaisie","Zona Económica Exclusiva de Malásia","Zona Econômica Exclusiva de Malásia","Zona Ekonomi Eksklusif Malaysia","Eneo la Kiuchumi la Kipekee la Malaysia"
"en","EEZ","8345","Maldives Exclusive Economic Zone","33b26715f8c0abb28487b134b08c5363","Zona Económica Exclusiva de Maldivas","Zone économique exclusive de Maldives","Zona Económica Exclusiva de Maldivas","Zona Econômica Exclusiva de Maldivas","Zona Ekonomi Eksklusif Maladewa","Eneo la Kiuchumi la Kipekee la Maldivi"
"en","EEZ","5685","Maltese Exclusive Economic Zone","ae19ed1dc58cbe2a60d79ab19ca3398e","Zona Económica Exclusiva de Malta","Zone économique exclusive de Malte","Zona Económica Exclusiva de Malta","Zona Econômica Exclusiva de Malta","Zona Ekonomi Eksklusif Malta","Eneo la Kiuchumi la Kipekee la Malta"
"en","EEZ","8318","Marshall Islands Exclusive Economic Zone","5833514d44dcaf0c932bc4463002139c","Zona Económica Exclusiva de las Islas Marshall","Zone économique exclusive des Îles Marshall","Zona Económica Exclusiva das Ilhas Marshall","Zona Econômica Exclusiva das Ilhas Marshall","Zona Ekonomi Eksklusif Kepulauan Marshall","Eneo la Kiuchumi la Kipekee la Visiwa vya Marshall"
"en","EEZ","33178","Martinican Exclusive Economic Zone","9f36b249f169c5e59bb7076baf0979ca","Zona Económica Exclusiva de Martinica","Zone économique exclusive de Martinique","Zona Económica Exclusiva de Martinica","Zona Econômica Exclusiva de Martinica","Zona Ekonomi Eksklusif Pulau Martinik","Eneo la Kiuchumi la Kipekee la Martinique"
"en","EEZ","8369","Mauritanian Exclusive Economic Zone","900387e1af65d6980a1b848f40a81c53","Zona Económica Exclusiva de Mauritania","Zone économique exclusive de Mauritanie","Zona Económica Exclusiva de Mauritânia","Zona Econômica Exclusiva de Mauritânia","Zona Ekonomi Eksklusif Mauritania","Eneo la Kiuchumi la Kipekee la Mauritania"
"en","EEZ","8343","Mauritian Exclusive Economic Zone","c45279011f05dfde32d65d0ca4a363e5","Zona Económica Exclusiva de Mauricio","Zone économique exclusive de Maurice","Zona Económica Exclusiva de Maurícia","Zona Econômica Exclusiva de Maurícia","Zona Ekonomi Eksklusif Mauritius","Eneo la Kiuchumi la Kipekee la Morisi"
"en","EEZ","8429","Mexican Exclusive Economic Zone","d5f6433188da49def7b7930cd05d0a3e","Zona Económica Exclusiva de México","Zone économique exclusive de Mexique","Zona Económica Exclusiva de México","Zona Econômica Exclusiva de México","Zona Ekonomi Eksklusif Meksiko","Eneo la Kiuchumi la Kipekee la Mexiko"
"en","EEZ","8316","Micronesian Exclusive Economic Zone","8b9f24535c63e68a39f5eb1cc47b37f3","Zona Económica Exclusiva de Micronesia","Zone économique exclusive de Micronésie","Zona Económica Exclusiva de Micronésia","Zona Econômica Exclusiva de Micronésia","Zona Ekonomi Eksklusif Mikronesia","Eneo la Kiuchumi la Kipekee la Mikronesia"
"en","EEZ","5691","Montenegrin Exclusive economic Zone","57fa41c0d3f89d72793a6f414541106c","Zona Económica Exclusiva de Montenegro","Zone économique exclusive de Monténégro","Zona Económica Exclusiva de Montenegro","Zona Econômica Exclusiva de Montenegro","Zona Ekonomi Eksklusif Montenegro","Eneo la Kiuchumi la Kipekee la Montenegro"
"en","EEZ","8415","Montserrat Exclusive Economic Zone","160250d9d671b76fa308afbc08e2b1bd","Zona Económica Exclusiva de Montserrat","Zone économique exclusive de Montserrat","Zona Económica Exclusiva de Montserrat","Zona Econômica Exclusiva de Montserrat","Zona Ekonomi Eksklusif Montserrat","Eneo la Kiuchumi la Kipekee la Montserrat"
"en","EEZ","21790","Monégasque Exclusive Economic Zone","baec0d4c3170fa7c2788a0eda5439a00","Zona Económica Exclusiva de Mónaco","Zone économique exclusive de Monaco","Zona Económica Exclusiva de Mónaco","Zona Econômica Exclusiva de Mónaco","Zona Ekonomi Eksklusif Monako","Eneo la Kiuchumi la Kipekee la Monako"
"en","EEZ","8367","Moroccan Exclusive Economic Zone","ee50c9c666d9a4271fb62fb07651fa87","Zona Económica Exclusiva de Marruecos","Zone économique exclusive de Maroc","Zona Económica Exclusiva de Marrocos","Zona Econômica Exclusiva de Marrocos","Zona Ekonomi Eksklusif Maroko","Eneo la Kiuchumi la Kipekee la Moroko"
"en","EEZ","8347","Mozambican Exclusive Economic Zone","aef78ecf5d3f90406a6954e5afe62fea","Zona Económica Exclusiva de Mozambique","Zone économique exclusive de Mozambique","Zona Económica Exclusiva de Moçambique","Zona Econômica Exclusiva de Moçambique","Zona Ekonomi Eksklusif Mozambik","Eneo la Kiuchumi la Kipekee la Msumbiji"
"en","EEZ","8482","Myanmar Exclusive Economic Zone","2e47b7acfd5f58468b02560b49b892fb","Zona Económica Exclusiva de Birmania","Zone économique exclusive de Birmanie","Zona Económica Exclusiva de Myanmar","Zona Econômica Exclusiva de Myanmar","Zona Ekonomi Eksklusif Myanmar","Eneo la Kiuchumi la Kipekee la Myanmar"
"en","EEZ","8395","Namibian Exclusive Economic Zone","8e62e4df21c89289d9c19eb115792326","Zona Económica Exclusiva de Namibia","Zone économique exclusive de Namibie","Zona Económica Exclusiva de Namíbia","Zona Econômica Exclusiva de Namíbia","Zona Ekonomi Eksklusif Namibia","Eneo la Kiuchumi la Kipekee la Namibia"
"en","EEZ","8317","Nauruan Exclusive Economic Zone","d01cf445eadae59669de107dc6aae5f0","Zona Económica Exclusiva de Nauru","Zone économique exclusive de Nauru","Zona Económica Exclusiva de Nauru","Zona Econômica Exclusiva de Nauru","Zona Ekonomi Eksklusif Nauru","Eneo la Kiuchumi la Kipekee la Nauru"
"en","EEZ","8312","New Caledonian Exclusive Economic Zone","8917eb7d47941856ebfd376578e4b17b","Zona Económica Exclusiva de Nueva Caledonia","Zone économique exclusive de Nouvelle-Calédonie","Zona Económica Exclusiva de Nova Caledônia","Zona Econômica Exclusiva de Nova Caledônia","Zona Ekonomi Eksklusif Kaledonia Baru","Eneo la Kiuchumi la Kipekee la Kaledonia Mpya"
"en","EEZ","8455","New Zealand Exclusive Economic Zone","63f8b8c598e8a4609836bd3ccba021a8","Zona Económica Exclusiva de Nueva Zelanda","Zone économique exclusive de Nouvelle-Zélande","Zona Económica Exclusiva de Nova Zelândia","Zona Econômica Exclusiva de Nova Zelândia","Zona Ekonomi Eksklusif Selandia Baru","Eneo la Kiuchumi la Kipekee la Nyuzilandi"
"en","EEZ","8425","Nicaraguan Exclusive Economic Zone","310dc62958cfb01ee6e0f6ac585aeb6e","Zona Económica Exclusiva de Nicaragua","Zone économique exclusive de Nicaragua","Zona Económica Exclusiva de Nicarágua","Zona Econômica Exclusiva de Nicarágua","Zona Ekonomi Eksklusif Nikaragua","Eneo la Kiuchumi la Kipekee la Nikaragua"
"en","EEZ","8474","Nigerian Exclusive Economic Zone","4f72544d546f50cf7667f58fea850626","Zona Económica Exclusiva de Nigeria","Zone économique exclusive de Nigeria","Zona Económica Exclusiva de Nigéria","Zona Econômica Exclusiva de Nigéria","Zona Ekonomi Eksklusif Nigeria","Eneo la Kiuchumi la Kipekee la Nigeria"
"en","EEZ","8447","Niue Exclusive Economic Zone","7d74d72b0986d5b1d004f1e457662e7f","Zona Económica Exclusiva de Niue","Zone économique exclusive de Niue","Zona Económica Exclusiva de Niue","Zona Econômica Exclusiva de Niue","Zona Ekonomi Eksklusif Niue","Eneo la Kiuchumi la Kipekee la Niue"
"en","EEZ","8310","Norfolk Island Exclusive Economic Zone","78b121f30167637a410a34c2bed4f0e0","Zona Económica Exclusiva de la Isla Norfolk","Zone économique exclusive de l'île Norfolk","Zona Económica Exclusiva da Ilha Norfolk","Zona Econômica Exclusiva da Ilha Norfolk","Zona Ekonomi Eksklusif Pulau Norfolk","Eneo la Kiuchumi la Kipekee la Kisiwa cha Norfolk"
"en","EEZ","8328","North Korean Exclusive Economic Zone","86e66fe20731aff9585f46b25f5033f7","Zona Económica Exclusiva de Corea del Norte","Zone économique exclusive de Corée du Nord","Zona Económica Exclusiva de Coreia do Norte","Zona Econômica Exclusiva de Coreia do Norte","Zona Ekonomi Eksklusif Korea Utara","Eneo la Kiuchumi la Kipekee la Korea Kaskazini"
"en","EEZ","48980","Northern Mariana Exclusive Economic Zone","6a2554f0d27de2576ff33186349b0e49","Zona Económica Exclusiva de las Islas Marianas del Norte","Zone économique exclusive des îles Mariannes du Nord","Zona Económica Exclusiva das Ilhas Marianas do Norte","Zona Econômica Exclusiva das Ilhas Marianas do Norte","Zona Ekonomi Eksklusif Kepulauan Mariana Utara","Eneo la Kiuchumi la Kipekee la Visiwa vya Mariana ya Kaskazini"
"en","EEZ","5686","Norwegian Exclusive Economic Zone","e83e6f0d496477d4137ded9297797b48","Zona Económica Exclusiva de Noruega","Zone économique exclusive de Norvège","Zona Económica Exclusiva de Noruega","Zona Econômica Exclusiva de Noruega","Zona Ekonomi Eksklusif Norwegia","Eneo la Kiuchumi la Kipekee la Norwei"
"en","EEZ","21791","Oecussi Ambeno Exclusive Economic Zone","9d67724af3e4e4f3c58caf3dd23ce4e5","Zona Económica Exclusiva de Oecusse","Zone économique exclusive d'Oecusse","Zona Económica Exclusiva de Oecusse","Zona Econômica Exclusiva de Oecusse","Zona Ekonomi Eksklusif Oecusse","Eneo la Kiuchumi la Kipekee la Oecusse"
"en","EEZ","8354","Omani Exclusive Economic Zone","8aec0781bbf0cda6e41f058bf079671a","Zona Económica Exclusiva de Omán","Zone économique exclusive d'Oman","Zona Económica Exclusiva de Omã","Zona Econômica Exclusiva de Omã","Zona Ekonomi Eksklusif Oman","Eneo la Kiuchumi la Kipekee la Omani"
"en","EEZ","49001","Overlapping claim Alhucemas Islands: Spain / Morocco","4625b4a0ab95766ad574ad5090542e53","Reclamación superpuesta sobre islas Alhucemas: España / Marruecos","Revendication chevauchante sur îles Alhucemas: Espagne / Maroc","Reivindicação sobreposta sobre Alhucemas Islands: Espanha / Marrocos","Reivindicação sobreposta sobre Alhucemas Islands: Espanha / Marrocos","Klaim tumpang tindih atas Alhucemas Islands: Spanyol / Maroko","Madai yanayopishana kuhusu Alhucemas Islands: Uhispania / Moroko"
"en","EEZ","49002","Overlapping claim Ceuta: Spain / Morocco","a6242aa61c1132842b281d52d0275bac","Reclamación superpuesta sobre Ceuta: España / Marruecos","Revendication chevauchante sur Ceuta: Espagne / Maroc","Reivindicação sobreposta sobre Ceuta: Espanha / Marrocos","Reivindicação sobreposta sobre Ceuta: Espanha / Marrocos","Klaim tumpang tindih atas Ceuta: Spanyol / Maroko","Madai yanayopishana kuhusu Ceuta: Uhispania / Moroko"
"en","EEZ","48997","Overlapping claim Chafarinas Islands: Spain / Morocco","fbacb685369081c5a04f12a0b465f298","Reclamación superpuesta sobre Islas Chafarinas: España / Marruecos","Revendication chevauchante sur îles Zaffarines: Espagne / Maroc","Reivindicação sobreposta sobre Ilhas Chafarinas: Espanha / Marrocos","Reivindicação sobreposta sobre Ilhas Chafarinas: Espanha / Marrocos","Klaim tumpang tindih atas Kepulauan Chafarinas: Spanyol / Maroko","Madai yanayopishana kuhusu Chafarinas Islands: Uhispania / Moroko"
"en","EEZ","48956","Overlapping claim Doumeira Islands: Djibouti / Eritrea","441f5f04c6d45981a63fbfe22d2f7e98","Reclamación superpuesta sobre Isla Doumeira: Yibuti / Eritrea","Revendication chevauchante sur île de Douméra: Djibouti / Érythrée","Reivindicação sobreposta sobre Ilhas Doumeira: Djibouti / Eritreia","Reivindicação sobreposta sobre Ilhas Doumeira: Djibouti / Eritreia","Klaim tumpang tindih atas Doumeira Islands: Jibuti / Eritrea","Madai yanayopishana kuhusu Doumeira Islands: Jibuti / Eritrea"
"en","EEZ","8389","Overlapping claim Falkland / Malvinas Islands: UK / Argentina","dd6cf8947d51096c155e8f092838d5c2","Reclamación superpuesta sobre islas Falkland/Malvinas: Reino Unido / Argentina","Revendication chevauchante sur îles Falkland/Malouines: Royaume-Uni / Argentine","Reivindicação sobreposta sobre ilhas Falkland/Malvinas: Reino Unido / Argentina","Reivindicação sobreposta sobre ilhas Falkland/Malvinas: Reino Unido / Argentina","Klaim tumpang tindih atas Kepulauan Falkland/Malvinas: Britania Raya / Argentina","Madai yanayopishana kuhusu Visiwa vya Falkland/Malvinas: Uingereza / Argentina"
"en","EEZ","8365","Overlapping claim Gibraltarian Exclusive Economic Zone","3eff2cc63b6d12e9ae1d46b0f0aca34b","Reclamación superpuesta sobre Zona Económica Exclusiva de Gibraltar: Reino Unido / España","Revendication chevauchante sur Zone économique exclusive de Gibraltar: Royaume-Uni / Espagne","Reivindicação sobreposta sobre Zona Económica Exclusiva de Gibraltar: Reino Unido / Espanha","Reivindicação sobreposta sobre Zona Econômica Exclusiva de Gibraltar: Reino Unido / Espanha","Klaim tumpang tindih atas Zona Ekonomi Eksklusif Gibraltar: Britania Raya / Spanyol","Madai yanayopishana kuhusu Eneo la Kiuchumi la Kipekee la Gibraltar: Uingereza / Uhispania"
"en","EEZ","48945","Overlapping claim Glorioso Islands: France / Madagascar","713bdd025685c0199083c290f52719fc","Reclamación superpuesta sobre islas Gloriosas: Francia / Madagascar","Revendication chevauchante sur îles Glorieuses: France / Madagascar","Reivindicação sobreposta sobre ilhas Gloriosas: França / Madagáscar","Reivindicação sobreposta sobre ilhas Gloriosas: França / Madagáscar","Klaim tumpang tindih atas Kepulauan Glorioso: Prancis / Madagaskar","Madai yanayopishana kuhusu Visiwa vya Glorioso: Ufaransa / Madagaska"
"en","EEZ","48946","Overlapping claim Ile Tromelin: Reunion / Madagascar / Mauritus","d2c42da3460d6d2189308fa5916e4047","Reclamación superpuesta sobre isla Tromelin: Reunión / Madagascar / Mauricio","Revendication chevauchante sur île Tromelin: La Réunion / Madagascar / Maurice","Reivindicação sobreposta sobre ilha Tromelin: Reunião / Madagáscar / Maurícia","Reivindicação sobreposta sobre ilha Tromelin: Reunião / Madagáscar / Maurícia","Klaim tumpang tindih atas Pulau Tromelin: Réunion / Madagaskar / Mauritius","Madai yanayopishana kuhusu Kisiwa cha Tromelin: Réunion / Madagaska / Morisi"
"en","EEZ","48950","Overlapping claim Kuril Islands: Japan / Russia","9aec4b87aacc9b9248285d2bfa0fbb0b","Reclamación superpuesta sobre islas Kuriles: Japón / Rusia","Revendication chevauchante sur îles Kouriles: Japon / Russie","Reivindicação sobreposta sobre ilhas Curilas: Japão / Rússia","Reivindicação sobreposta sobre ilhas Curilas: Japão / Rússia","Klaim tumpang tindih atas Kepulauan Kuril: Jepang / Rusia","Madai yanayopishana kuhusu Visiwa vya Kuril: Japani / Urusi"
"en","EEZ","48955","Overlapping claim Liancourt Rocks: Japan / South Korea","31bd256537402146f30a246f118448e4","Reclamación superpuesta sobre rocas de Liancourt (Dokdo/Takeshima): Japón / Corea del Sur","Revendication chevauchante sur rochers Liancourt (Dokdo/Takeshima): Japon / Corée du Sud","Reivindicação sobreposta sobre rochedos de Liancourt (Dokdo/Takeshima): Japão / Coreia do Sul","Reivindicação sobreposta sobre rochedos de Liancourt (Dokdo/Takeshima): Japão / Coreia do Sul","Klaim tumpang tindih atas Batu Liancourt (Dokdo/Takeshima): Jepang / Korea Selatan","Madai yanayopishana kuhusu Miamba ya Liancourt (Dokdo/Takeshima): Japani / Korea Kusini"
"en","EEZ","48948","Overlapping claim Matthew and Hunter Islands: New Caledonia / Vanuatu","d5146e06f127d8f991f18dad264137b0","Reclamación superpuesta sobre islas Matthew y Hunter: Nueva Caledonia / Vanuatu","Revendication chevauchante sur îles Matthew et Hunter: Nouvelle-Calédonie / Vanuatu","Reivindicação sobreposta sobre ilhas Matthew e Hunter: Nova Caledônia / Vanuatu","Reivindicação sobreposta sobre ilhas Matthew e Hunter: Nova Caledônia / Vanuatu","Klaim tumpang tindih atas Kepulauan Matthew dan Hunter: Kaledonia Baru / Vanuatu","Madai yanayopishana kuhusu Visiwa vya Matthew na Hunter: Kaledonia Mpya / Vanuatu"
"en","EEZ","48944","Overlapping claim Mayotte: France / Comoros","1837d39d0a4515f26907ebe1bdd167b1","Reclamación superpuesta sobre Mayotte: Francia / Comoras","Revendication chevauchante sur Mayotte: France / Comores","Reivindicação sobreposta sobre Mayotte: França / Comores","Reivindicação sobreposta sobre Mayotte: França / Comores","Klaim tumpang tindih atas Mayotte: Prancis / Komoro","Madai yanayopishana kuhusu Mayotte: Ufaransa / Komori"
"en","EEZ","49000","Overlapping claim Melilla: Spain / Morocco","f2da9728285fc55b3e214d84113278ba","Reclamación superpuesta sobre Melilla: España / Marruecos","Revendication chevauchante sur Melilla: Espagne / Maroc","Reivindicação sobreposta sobre Melilha: Espanha / Marrocos","Reivindicação sobreposta sobre Melilha: Espanha / Marrocos","Klaim tumpang tindih atas Melilla: Spanyol / Maroko","Madai yanayopishana kuhusu Melilla: Uhispania / Moroko"
"en","EEZ","48951","Overlapping claim Navassa Island: USA / Haiti / Jamaica","c4f1ff72f7548379999bfaf29cf0fccd","Reclamación superpuesta sobre isla Navaza: Estados Unidos / Haití / Jamaica","Revendication chevauchante sur île de la Navasse: États-Unis / Haïti / Jamaïque","Reivindicação sobreposta sobre ilha Navassa: Estados Unidos / Haiti / Jamaica","Reivindicação sobreposta sobre ilha Navassa: Estados Unidos / Haiti / Jamaica","Klaim tumpang tindih atas Pulau Navassa: Amerika Serikat / Haiti / Jamaika","Madai yanayopishana kuhusu Kisiwa cha Navassa: Marekani / Haiti / Jamaika"
"en","EEZ","48998","Overlapping claim Perejil Island: Spain / Morocco","9800c104a9f94a76151d930dc5933386","Reclamación superpuesta sobre isla de Perejil: España / Marruecos","Revendication chevauchante sur îlot Persil: Espagne / Maroc","Reivindicação sobreposta sobre ilha de Perejil: Espanha / Marrocos","Reivindicação sobreposta sobre ilha de Perejil: Espanha / Marrocos","Klaim tumpang tindih atas Pulau Perejil: Spanyol / Maroko","Madai yanayopishana kuhusu Kisiwa cha Perejil: Uhispania / Moroko"
"en","EEZ","48999","Overlapping claim Peñón de Vélez de la Gomera: Spain / Morocco","f29b81e68bdb159fbaef93453bd2ae87","Reclamación superpuesta sobre Peñón de Vélez de la Gomera: España / Marruecos","Revendication chevauchante sur Peñón de Vélez de la Gomera: Espagne / Maroc","Reivindicação sobreposta sobre Penedo de Vélez de la Gomera: Espanha / Marrocos","Reivindicação sobreposta sobre Penedo de Vélez de la Gomera: Espanha / Marrocos","Klaim tumpang tindih atas Peñón de Vélez de la Gomera: Spanyol / Maroko","Madai yanayopishana kuhusu Peñón de Vélez de la Gomera: Uhispania / Moroko"
"en","EEZ","50170","Overlapping claim Qatar / Saudi Arabia / United Arab Emirates","ce048a3f5264f63a035fb8ab16fbbcb3","Reclamación superpuesta: Catar / Arabia Saudí / Emiratos Árabes Unidos","Revendication chevauchante: Qatar / Arabie saoudite / Émirats arabes unis","Reivindicação sobreposta: Catar / Arábia Saudita / Emirados Árabes Unidos","Reivindicação sobreposta: Catar / Arábia Saudita / Emirados Árabes Unidos","Klaim tumpang tindih: Qatar / Arab Saudi / Uni Emirat Arab","Madai yanayopishana: Qatar / Saudia / Falme za Kiarabu"
"en","EEZ","48954","Overlapping claim Senkaku Islands: Japan / China / Taiwan","f62f0f08dda3ae1cb99962b81d5871c4","Reclamación superpuesta sobre islas Senkaku/Diaoyu/Diaoyutai: Japón / China / Taiwán","Revendication chevauchante sur îles Senkaku/Diaoyu/Diaoyutai: Japon / Chine / Taïwan","Reivindicação sobreposta sobre ilhas Senkaku/Diaoyu/Diaoyutai: Japão / China / Taiwan","Reivindicação sobreposta sobre ilhas Senkaku/Diaoyu/Diaoyutai: Japão / China / Taiwan","Klaim tumpang tindih atas Kepulauan Senkaku/Diaoyu/Diaoyutai: Jepang / Tiongkok / Taiwan","Madai yanayopishana kuhusu Visiwa vya Senkaku/Diaoyu/Diaoyutai: Japani / China / Taiwan"
"en","EEZ","49003","Overlapping claim South China Sea","c1362e8f0e4155636cbe946017c65145","Reclamación superpuesta sobre mar de China Meridional: China","Revendication chevauchante sur mer de Chine méridionale: Chine","Reivindicação sobreposta sobre Mar da China Meridional: China","Reivindicação sobreposta sobre Mar da China Meridional: China","Klaim tumpang tindih atas Laut Tiongkok Selatan: Tiongkok","Madai yanayopishana kuhusu Bahari ya Kusini ya China: China"
"en","EEZ","8383","Overlapping claim South Georgia and South Sandwich Islands: UK / Argentina","2f72ab86c49976aeadc70056722df501","Reclamación superpuesta sobre islas Georgias del Sur y Sandwich del Sur: Reino Unido / Argentina","Revendication chevauchante sur Géorgie du Sud-et-les îles Sandwich du Sud: Royaume-Uni / Argentine","Reivindicação sobreposta sobre Geórgia do Sul e Ilhas Sandwich do Sul: Reino Unido / Argentina","Reivindicação sobreposta sobre Geórgia do Sul e Ilhas Sandwich do Sul: Reino Unido / Argentina","Klaim tumpang tindih atas Georgia Selatan dan Kepulauan Sandwich Selatan: Britania Raya / Argentina","Madai yanayopishana kuhusu Georgia Kusini na Visiwa vya Sandwich Kusini: Uingereza / Argentina"
"en","EEZ","5695","Overlapping claim Ukrainian Exclusive Economic Zone","b2fef0aef8c5cd3cf7824ba5abe59e63","Reclamación superpuesta sobre Zona Económica Exclusiva de Ucrania: Ucrania","Revendication chevauchante sur Zone économique exclusive d'Ukraine: Ukraine","Reivindicação sobreposta sobre Zona Económica Exclusiva de Ucrânia: Ucrânia","Reivindicação sobreposta sobre Zona Econômica Exclusiva de Ucrânia: Ucrânia","Klaim tumpang tindih atas Zona Ekonomi Eksklusif Ukraina: Ukraina","Madai yanayopishana kuhusu Eneo la Kiuchumi la Kipekee la Ukraini: Ukraini"
"en","EEZ","8368","Overlapping claim Western Saharan Exclusive Economic Zone","8ed66aeb56906d86396939014ad870db","Reclamación superpuesta sobre Zona Económica Exclusiva de Sáhara Occidental: Sáhara Occidental / Marruecos","Revendication chevauchante sur Zone économique exclusive de Sahara occidental: Sahara occidental / Maroc","Reivindicação sobreposta sobre Zona Económica Exclusiva de Saara Ocidental: Saara Ocidental / Marrocos","Reivindicação sobreposta sobre Zona Econômica Exclusiva de Saara Ocidental: Saara Ocidental / Marrocos","Klaim tumpang tindih atas Zona Ekonomi Eksklusif Sahara Barat: Sahara Barat / Maroko","Madai yanayopishana kuhusu Eneo la Kiuchumi la Kipekee la Sahara Magharibi: Sahara Magharibi / Moroko"
"en","EEZ","48943","Overlapping claim: Canada / USA","1b2581c36dfbd18fab6919393b3862c5","Reclamación superpuesta: Canadá / Estados Unidos","Revendication chevauchante: Canada / États-Unis","Reivindicação sobreposta: Canadá / Estados Unidos","Reivindicação sobreposta: Canadá / Estados Unidos","Klaim tumpang tindih: Kanada / Amerika Serikat","Madai yanayopishana: Kanada / Marekani"
"en","EEZ","48947","Overlapping claim: Iran / United Arab Emirates","134dd9d300e89f8913c8f8c29ce8b8c3","Reclamación superpuesta: Irán / Emiratos Árabes Unidos","Revendication chevauchante: Iran / Émirats arabes unis","Reivindicação sobreposta: Irão / Emirados Árabes Unidos","Reivindicação sobreposta: Irão / Emirados Árabes Unidos","Klaim tumpang tindih: Iran / Uni Emirat Arab","Madai yanayopishana: Uajemi / Falme za Kiarabu"
"en","EEZ","33176","Overlapping claim: Kenya / Somalia","9f892dfbcf31e8b109aca4900cacc652","Reclamación superpuesta: Kenia / Somalia","Revendication chevauchante: Kenya / Somalie","Reivindicação sobreposta: Quénia / Somália","Reivindicação sobreposta: Quénia / Somália","Klaim tumpang tindih: Kenya / Somalia","Madai yanayopishana: Kenya / Somalia"
"en","EEZ","48982","Overlapping claim: Puerto Rico / Dominican Republic","154d62dbb9145ca7506551ad492ba838","Reclamación superpuesta: Puerto Rico / la República Dominicana","Revendication chevauchante: Porto Rico / la République dominicaine","Reivindicação sobreposta: Porto Rico / a República Dominicana","Reivindicação sobreposta: Porto Rico / a República Dominicana","Klaim tumpang tindih: Puerto Riko / Republik Dominika","Madai yanayopishana: Puerto Rico / Jamhuri ya Dominika"
"en","EEZ","26582","Overlapping claim: Sudan / Egypt","3de90c60f90c5644aa1d0a636bbb7f41","Reclamación superpuesta: Sudán / Egipto","Revendication chevauchante: Soudan / Égypte","Reivindicação sobreposta: Sudão / Egito","Reivindicação sobreposta: Sudão / Egito","Klaim tumpang tindih: Sudan / Mesir","Madai yanayopishana: Sudan / Misri"
"en","EEZ","33185","Overlapping claim: Trinidad and Tobago / Venezuela / Guyana","a71039ae4e0a14f3225686390bfb358d","Reclamación superpuesta: Trinidad y Tobago / Venezuela / Guyana","Revendication chevauchante: Trinité-et-Tobago / Venezuela / Guyana","Reivindicação sobreposta: Trinidad e Tobago / Venezuela / Guiana","Reivindicação sobreposta: Trinidad e Tobago / Venezuela / Guiana","Klaim tumpang tindih: Trinidad dan Tobago / Venezuela / Guyana","Madai yanayopishana: Trinidad na Tobago / Venezuela / Guyana"
"en","EEZ","48965","Overlapping claim: Venezuela / Aruba / Dominican Republic","720488a85390eeaaf5a74ebc4b30405a","Reclamación superpuesta: Venezuela / Aruba / la República Dominicana","Revendication chevauchante: Venezuela / Aruba / la République dominicaine","Reivindicação sobreposta: Venezuela / Aruba / a República Dominicana","Reivindicação sobreposta: Venezuela / Aruba / a República Dominicana","Klaim tumpang tindih: Venezuela / Aruba / Republik Dominika","Madai yanayopishana: Venezuela / Aruba / Jamhuri ya Dominika"
"en","EEZ","48971","Overlapping claim: Venezuela / Colombia / Dominican Republic","4301840f5f4524d71fa2bb49fd99dc17","Reclamación superpuesta: Venezuela / Colombia / la República Dominicana","Revendication chevauchante: Venezuela / Colombie / la République dominicaine","Reivindicação sobreposta: Venezuela / Colômbia / a República Dominicana","Reivindicação sobreposta: Venezuela / Colômbia / a República Dominicana","Klaim tumpang tindih: Venezuela / Kolombia / Republik Dominika","Madai yanayopishana: Venezuela / Kolombia / Jamhuri ya Dominika"
"en","EEZ","8359","Pakistani Exclusive Economic Zone","6931c79775fe65a7b65ff15f9986fc4d","Zona Económica Exclusiva de Pakistán","Zone économique exclusive de Pakistan","Zona Económica Exclusiva de Paquistão","Zona Econômica Exclusiva de Paquistão","Zona Ekonomi Eksklusif Pakistan","Eneo la Kiuchumi la Kipekee la Pakistan"
"en","EEZ","8315","Palau Exclusive Economic Zone","fbe01e4c6f787222d9b63b3a23006d5e","Zona Económica Exclusiva de Palaos","Zone économique exclusive de Palaos","Zona Económica Exclusiva de Palau","Zona Econômica Exclusiva de Palau","Zona Ekonomi Eksklusif Palau","Eneo la Kiuchumi la Kipekee la Palau"
"en","EEZ","48953","Palestinian Exclusive Economic Zone","7ccba539b8c88daebf149bee6a8026c3","Zona Económica Exclusiva de Palestina","Zone économique exclusive de Palestine","Zona Económica Exclusiva de Palestina","Zona Econômica Exclusiva de Palestina","Zona Ekonomi Eksklusif Palestina","Eneo la Kiuchumi la Kipekee la Palestina"
"en","EEZ","8443","Palmyra Atoll Exclusive Economic Zone","6c2fad4d3616bfd7e7ad9eebb3513cb4","Zona Económica Exclusiva del atolón Palmyra","Zone économique exclusive de l'atoll Palmyra","Zona Económica Exclusiva do atol Palmyra","Zona Econômica Exclusiva do atol Palmyra","Zona Ekonomi Eksklusif Atol Palmyra","Eneo la Kiuchumi la Kipekee la Kisiwa cha Palmyra"
"en","EEZ","8423","Panamanian Exclusive Economic Zone","017a5c9da8d93945d076db5d9dad7e21","Zona Económica Exclusiva de Panamá","Zone économique exclusive de Panama","Zona Económica Exclusiva de Panamá","Zona Econômica Exclusiva de Panamá","Zona Ekonomi Eksklusif Panama","Eneo la Kiuchumi la Kipekee la Panama"
"en","EEZ","8324","Papua New Guinean Exclusive Economic Zone","13827b1d28379e23599e0e12ed38041a","Zona Económica Exclusiva de Papúa Nueva Guinea","Zone économique exclusive de Papouasie-Nouvelle-Guinée","Zona Económica Exclusiva de Papua-Nova Guiné","Zona Econômica Exclusiva de Papua-Nova Guiné","Zona Ekonomi Eksklusif Papua Nugini","Eneo la Kiuchumi la Kipekee la Papua Guinea Mpya"
"en","EEZ","8432","Peruvian Exclusive Economic Zone","3dbb1c1c3c242d6a5ac7dc7adce24703","Zona Económica Exclusiva de Perú","Zone économique exclusive de Pérou","Zona Económica Exclusiva de Peru","Zona Econômica Exclusiva de Peru","Zona Ekonomi Eksklusif Peru","Eneo la Kiuchumi la Kipekee la Peru"
"en","EEZ","8322","Philippines Exclusive Economic Zone","d74a592d6ee4c0c68177e604fe42ec82","Zona Económica Exclusiva de Filipinas","Zone économique exclusive de Philippines","Zona Económica Exclusiva de Filipinas","Zona Econômica Exclusiva de Filipinas","Zona Ekonomi Eksklusif Filipina","Eneo la Kiuchumi la Kipekee la Ufilipino"
"en","EEZ","8439","Pitcairn Islands Exclusive Economic Zone","8cc836def7327217a7e612ac9e23bdd7","Zona Económica Exclusiva de Pitcairn","Zone économique exclusive de Pitcairn","Zona Económica Exclusiva de Pitcairn","Zona Econômica Exclusiva de Pitcairn","Zona Ekonomi Eksklusif Pitcairn","Eneo la Kiuchumi la Kipekee la Pitcairn"
"en","EEZ","5687","Polish Exclusive Economic Zone","aa992cc01c4f8cb8a39bdb80be420401","Zona Económica Exclusiva de Polonia","Zone économique exclusive de Pologne","Zona Económica Exclusiva de Polónia","Zona Econômica Exclusiva de Polónia","Zona Ekonomi Eksklusif Polandia","Eneo la Kiuchumi la Kipekee la Poland"
"en","EEZ","5688","Portuguese Exclusive Economic Zone","f393d6e691eeb521fb4dd0820e6f8d23","Zona Económica Exclusiva de Portugal","Zone économique exclusive de Portugal","Zona Económica Exclusiva de Portugal","Zona Econômica Exclusiva de Portugal","Zona Ekonomi Eksklusif Portugal","Eneo la Kiuchumi la Kipekee la Ureno"
"en","EEZ","8361","Portuguese Exclusive Economic Zone (Azores)","0f3b71f74d7a0784d5e9447d381b5c43","Zona Económica Exclusiva de Azores","Zone économique exclusive d'Açores","Zona Económica Exclusiva de Açores","Zona Econômica Exclusiva de Açores","Zona Ekonomi Eksklusif Azores","Eneo la Kiuchumi la Kipekee la Azori"
"en","EEZ","8363","Portuguese Exclusive Economic Zone (Madeira)","73175c0bb8c35add33da6ae2d4c424a0","Zona Económica Exclusiva de Madeira","Zone économique exclusive de Madeira","Zona Económica Exclusiva de Madeira","Zona Econômica Exclusiva de Madeira","Zona Ekonomi Eksklusif Madeira","Eneo la Kiuchumi la Kipekee la Madeira"
"en","EEZ","21798","Protected Zone established under the Torres Strait Treaty","f892b12295ef5c7e3327aac1bd3be624","Zona protegida establecida en virtud del Tratado del Estrecho de Torres","Zone protégée établie en vertu du traité du détroit de Torres","Zona protegida estabelecida ao abrigo do Tratado do Estreito de Torres","Zona protegida estabelecida nos termos do Tratado do Estreito de Torres","Zona lindung yang ditetapkan berdasarkan Perjanjian Selat Torres","Eneo lililolindwa lililoanzishwa chini ya Mkataba wa Mlango wa Torres"
"en","EEZ","33179","Puerto Rican Exclusive Economic Zone","d21096c885b4e41ef8b5461db934437d","Zona Económica Exclusiva de Puerto Rico","Zone économique exclusive de Porto Rico","Zona Económica Exclusiva de Porto Rico","Zona Econômica Exclusiva de Porto Rico","Zona Ekonomi Eksklusif Puerto Riko","Eneo la Kiuchumi la Kipekee la Puerto Rico"
"en","EEZ","8468","Qatari Exclusive Economic Zone","5c934e7a0e70df0b017b0a2a70b58f95","Zona Económica Exclusiva de Catar","Zone économique exclusive de Qatar","Zona Económica Exclusiva de Catar","Zona Econômica Exclusiva de Catar","Zona Ekonomi Eksklusif Qatar","Eneo la Kiuchumi la Kipekee la Qatar"
"en","EEZ","5689","Romanian Exclusive economic Zone","38c1107e35472cccd6b66d8cd2029393","Zona Económica Exclusiva de Rumania","Zone économique exclusive de Roumanie","Zona Económica Exclusiva de Roménia","Zona Econômica Exclusiva de Roménia","Zona Ekonomi Eksklusif Rumania","Eneo la Kiuchumi la Kipekee la Romania"
"en","EEZ","5690","Russian Exclusive economic Zone","1903258a6859e45ae7ae6b16933e6c9c","Zona Económica Exclusiva de Rusia","Zone économique exclusive de Russie","Zona Económica Exclusiva de Rússia","Zona Econômica Exclusiva de Rússia","Zona Ekonomi Eksklusif Rusia","Eneo la Kiuchumi la Kipekee la Urusi"
"en","EEZ","8338","Réunion Exclusive Economic Zone","7dd067eb3e2b6fe32f57fc7afde9cf81","Zona Económica Exclusiva de Reunión","Zone économique exclusive de La Réunion","Zona Económica Exclusiva de Reunião","Zona Econômica Exclusiva de Reunião","Zona Ekonomi Eksklusif Réunion","Eneo la Kiuchumi la Kipekee la Réunion"
"en","EEZ","26518","Saba Exclusive Economic Zone","284b37b18cb46940a1affb7968ef6034","Zona Económica Exclusiva de Saba","Zone économique exclusive de Saba","Zona Económica Exclusiva de Saba","Zona Econômica Exclusiva de Saba","Zona Ekonomi Eksklusif Saba","Eneo la Kiuchumi la Kipekee la Saba"
"en","EEZ","8413","Saint Kitts and Nevis Exclusive Economic Zone","a88794a8fb5a8335105b42a68c6e9544","Zona Económica Exclusiva de San Cristóbal y Nieves","Zone économique exclusive de Saint-Christophe-et-Niévès","Zona Económica Exclusiva de São Cristóvão e Neves","Zona Econômica Exclusiva de São Cristóvão e Neves","Zona Ekonomi Eksklusif Saint Kitts dan Nevis","Eneo la Kiuchumi la Kipekee la Saint Kitts na Nevis"
"en","EEZ","8416","Saint Lucia Exclusive Economic Zone","b4550635d6dd2e5b5da42c72cc0099ce","Zona Económica Exclusiva de Santa Lucía","Zone économique exclusive de Sainte-Lucie","Zona Económica Exclusiva de Santa Lúcia","Zona Econômica Exclusiva de Santa Lúcia","Zona Ekonomi Eksklusif Saint Lucia","Eneo la Kiuchumi la Kipekee la Saint Lucia"
"en","EEZ","8421","Saint Vincent and the Grenadines Exclusive Economic Zone","fe6c1b4b971dcc729ea27abd8af870d1","Zona Económica Exclusiva de San Vicente y las Granadinas","Zone économique exclusive de Saint-Vincent-et-les-Grenadines","Zona Económica Exclusiva de São Vicente e Granadinas","Zona Econômica Exclusiva de São Vicente e Granadinas","Zona Ekonomi Eksklusif Saint Vincent dan Grenadines","Eneo la Kiuchumi la Kipekee la Saint Vincent na Grenadini"
"en","EEZ","48952","Saint-Barthélemy Exclusive Economic Zone","c85670e7c317e5c28d3c9850cc6c23f5","Zona Económica Exclusiva de San Bartolomé","Zone économique exclusive de Saint-Barthélemy","Zona Económica Exclusiva de São Bartolomeu","Zona Econômica Exclusiva de São Bartolomeu","Zona Ekonomi Eksklusif Saint-Barthélemy","Eneo la Kiuchumi la Kipekee la Saint-Barthélemy"
"en","EEZ","8495","Saint-Martin Exclusive Economic Zone","0fddae8494c7a8df9ac893b36842abd1","Zona Económica Exclusiva de San Martín","Zone économique exclusive de Saint-Martin","Zona Económica Exclusiva de São Martinho","Zona Econômica Exclusiva de São Martinho","Zona Ekonomi Eksklusif Saint-Martin","Eneo la Kiuchumi la Kipekee la Saint-Martin"
"en","EEZ","8494","Saint-Pierre and Miquelon Exclusive Economic Zone","0f78b772c3ce3bf4004c10d9d130e9d6","Zona Económica Exclusiva de San Pedro y Miquelón","Zone économique exclusive de Saint-Pierre-et-Miquelon","Zona Económica Exclusiva de São Pedro e Miquelão","Zona Econômica Exclusiva de São Pedro e Miquelão","Zona Ekonomi Eksklusif Saint-Pierre dan Miquelon","Eneo la Kiuchumi la Kipekee la Saint-Pierre na Miquelon"
"en","EEZ","8445","Samoan Exclusive Economic Zone","e321b6694de9d8a90dac7dcd75c7f14f","Zona Económica Exclusiva de Samoa","Zone économique exclusive de Samoa","Zona Económica Exclusiva de Samoa","Zona Econômica Exclusiva de Samoa","Zona Ekonomi Eksklusif Samoa","Eneo la Kiuchumi la Kipekee la Samoa"
"en","EEZ","8397","Sao Tome and Principe Exclusive Economic Zone","b2a43fc546bdb3ea152d42023fafdc7a","Zona Económica Exclusiva de Santo Tomé y Príncipe","Zone économique exclusive de Sao Tomé-et-Principe","Zona Económica Exclusiva de São Tomé e Príncipe","Zona Econômica Exclusiva de São Tomé e Príncipe","Zona Ekonomi Eksklusif Sao Tome dan Principe","Eneo la Kiuchumi la Kipekee la Sao Tome na Principe"
"en","EEZ","8356","Saudi Arabian Exclusive Economic Zone","e828ea91ef6cca828e96421807b74211","Zona Económica Exclusiva de Arabia Saudí","Zone économique exclusive d'Arabie saoudite","Zona Económica Exclusiva de Arábia Saudita","Zona Econômica Exclusiva de Arábia Saudita","Zona Ekonomi Eksklusif Arab Saudi","Eneo la Kiuchumi la Kipekee la Saudia"
"en","EEZ","8371","Senegalese Exclusive Economic Zone","941036a22e16beb730b690c5bf6fc13a","Zona Económica Exclusiva de Senegal","Zone économique exclusive de Sénégal","Zona Económica Exclusiva de Senegal","Zona Econômica Exclusiva de Senegal","Zona Ekonomi Eksklusif Senegal","Eneo la Kiuchumi la Kipekee la Senegal"
"en","EEZ","8337","Seychellois Exclusive Economic Zone","96f0d436e226052e17f4e2a1bf47f942","Zona Económica Exclusiva de Seychelles","Zone économique exclusive de Seychelles","Zona Económica Exclusiva de Seychelles","Zona Econômica Exclusiva de Seychelles","Zona Ekonomi Eksklusif Seychelles","Eneo la Kiuchumi la Kipekee la Shelisheli"
"en","EEZ","8390","Sierra Leonian Exclusive Economic Zone","2ec7e70c2a1efbe387703ebd713f619d","Zona Económica Exclusiva de Sierra Leona","Zone économique exclusive de Sierra Leone","Zona Económica Exclusiva de Serra Leoa","Zona Econômica Exclusiva de Serra Leoa","Zona Ekonomi Eksklusif Sierra Leone","Eneo la Kiuchumi la Kipekee la Sierra Leone"
"en","EEZ","8485","Singaporean Exclusive Economic Zone","322520ff67e78e9ae4f8cf90c518a364","Zona Económica Exclusiva de Singapur","Zone économique exclusive de Singapour","Zona Económica Exclusiva de Singapura","Zona Econômica Exclusiva de Singapura","Zona Ekonomi Eksklusif Singapura","Eneo la Kiuchumi la Kipekee la Singapuri"
"en","EEZ","26526","Sint-Eustatius Exclusive Economic Zone","3c74f322dff87eabece73ae7fa572642","Zona Económica Exclusiva de San Eustaquio","Zone économique exclusive de Saint-Eustache","Zona Económica Exclusiva de Santo Eustáquio","Zona Econômica Exclusiva de Santo Eustáquio","Zona Ekonomi Eksklusif Sint Eustatius","Eneo la Kiuchumi la Kipekee la Sint Eustatius"
"en","EEZ","21803","Sint-Maarten Exclusive Economic Zone","eae5b82ee41213bcb97af515c2b5cec2","Zona Económica Exclusiva de Sint Maarten","Zone économique exclusive de Saint-Martin néerlandais","Zona Económica Exclusiva de São Martinho neerlandês","Zona Econômica Exclusiva de São Martinho neerlandês","Zona Ekonomi Eksklusif Sint Maarten","Eneo la Kiuchumi la Kipekee la Sint Maarten"
"en","EEZ","5692","Slovenian Exclusive Economic Zone","73525cd2773f2f166c3beb89facf31f2","Zona Económica Exclusiva de Eslovenia","Zone économique exclusive de Slovénie","Zona Económica Exclusiva de Eslovénia","Zona Econômica Exclusiva de Eslovénia","Zona Ekonomi Eksklusif Slovenia","Eneo la Kiuchumi la Kipekee la Slovenia"
"en","EEZ","8314","Solomon Islands Exclusive Economic Zone","aa05d26fbbc9c22f69f4dcb1f0367d2a","Zona Económica Exclusiva de las Islas Salomón","Zone économique exclusive des Îles Salomon","Zona Económica Exclusiva das Ilhas Salomão","Zona Econômica Exclusiva das Ilhas Salomão","Zona Ekonomi Eksklusif Kepulauan Solomon","Eneo la Kiuchumi la Kipekee la Visiwa vya Solomon"
"en","EEZ","8350","Somali Exclusive Economic Zone","11d7e49e1bca7d50e5725fb46c0f36b2","Zona Económica Exclusiva de Somalia","Zone économique exclusive de Somalie","Zona Económica Exclusiva de Somália","Zona Econômica Exclusiva de Somália","Zona Ekonomi Eksklusif Somalia","Eneo la Kiuchumi la Kipekee la Somalia"
"en","EEZ","8396","South African Exclusive Economic Zone","2e97b9d7594e8112773232a4b0ff5028","Zona Económica Exclusiva de Sudáfrica","Zone économique exclusive d'Afrique du Sud","Zona Económica Exclusiva de África do Sul","Zona Econômica Exclusiva de África do Sul","Zona Ekonomi Eksklusif Afrika Selatan","Eneo la Kiuchumi la Kipekee la Afrika Kusini"
"en","EEZ","8384","South African Exclusive Economic Zone (Prince Edward Islands)","39671f7f0b16f2c7b4b0ab0bea5d74ab","Zona Económica Exclusiva de las islas del Príncipe Eduardo","Zone économique exclusive des îles du Prince-Édouard","Zona Económica Exclusiva das ilhas do Príncipe Eduardo","Zona Econômica Exclusiva das ilhas do Príncipe Eduardo","Zona Ekonomi Eksklusif Kepulauan Prince Edward","Eneo la Kiuchumi la Kipekee la Visiwa vya Prince Edward"
"en","EEZ","8327","South Korean Exclusive Economic Zone","32e510c9e8213ae38e567c03acef4e8c","Zona Económica Exclusiva de Corea del Sur","Zone économique exclusive de Corée du Sud","Zona Económica Exclusiva de Coreia do Sul","Zona Econômica Exclusiva de Coreia do Sul","Zona Ekonomi Eksklusif Korea Selatan","Eneo la Kiuchumi la Kipekee la Korea Kusini"
"en","EEZ","5693","Spanish Exclusive Economic Zone","0b05e7498da51b59016522f51b140a42","Zona Económica Exclusiva de España","Zone économique exclusive d'Espagne","Zona Económica Exclusiva de Espanha","Zona Econômica Exclusiva de Espanha","Zona Ekonomi Eksklusif Spanyol","Eneo la Kiuchumi la Kipekee la Uhispania"
"en","EEZ","8364","Spanish Exclusive Economic Zone (Canary Islands)","c26ac50df103ab2f4fc615b8ced1f843","Zona Económica Exclusiva de las islas Canarias","Zone économique exclusive des îles Canaries","Zona Económica Exclusiva das ilhas Canárias","Zona Econômica Exclusiva das ilhas Canárias","Zona Ekonomi Eksklusif Kepulauan Canaria","Eneo la Kiuchumi la Kipekee la Visiwa vya Kanari"
"en","EEZ","8346","Sri Lankan Exclusive Economic Zone","8e46f40ba579e70f6a26932267f63cc8","Zona Económica Exclusiva de Sri Lanka","Zone économique exclusive de Sri Lanka","Zona Económica Exclusiva de Sri Lanka","Zona Econômica Exclusiva de Sri Lanka","Zona Ekonomi Eksklusif Sri Lanka","Eneo la Kiuchumi la Kipekee la Sri Lanka"
"en","EEZ","8380","St. Helena Exclusive Economic Zone","8234bbb25f7fd0e5bbf9fd283ed8a92d","Zona Económica Exclusiva de Santa Elena","Zone économique exclusive de Sainte-Hélène","Zona Económica Exclusiva de Santa Helena","Zona Econômica Exclusiva de Santa Helena","Zona Ekonomi Eksklusif Saint Helena","Eneo la Kiuchumi la Kipekee la Saint Helena"
"en","EEZ","8355","Sudanese Exclusive Economic Zone","840805d3bdef6ae42b4b19e25c6446b4","Zona Económica Exclusiva de Sudán","Zone économique exclusive de Soudan","Zona Económica Exclusiva de Sudão","Zona Econômica Exclusiva de Sudão","Zona Ekonomi Eksklusif Sudan","Eneo la Kiuchumi la Kipekee la Sudan"
"en","EEZ","8461","Surinamese Exclusive Economic Zone","7fbfef1c54cd6ab1b5335ed9755c4d82","Zona Económica Exclusiva de Surinam","Zone économique exclusive de Suriname","Zona Económica Exclusiva de Suriname","Zona Econômica Exclusiva de Suriname","Zona Ekonomi Eksklusif Suriname","Eneo la Kiuchumi la Kipekee la Surinam"
"en","EEZ","33181","Svalbard Exclusive Economic Zone","0395d29aa7472d52885a95d4ac146f07","Zona Económica Exclusiva de Svalbard","Zone économique exclusive de Svalbard","Zona Económica Exclusiva de Svalbard","Zona Econômica Exclusiva de Svalbard","Zona Ekonomi Eksklusif Svalbard","Eneo la Kiuchumi la Kipekee la Svalbard"
"en","EEZ","5694","Swedish Exclusive Economic Zone","a9f897b536afb7cc43fa12ae1528a514","Zona Económica Exclusiva de Suecia","Zone économique exclusive de Suède","Zona Económica Exclusiva de Suécia","Zona Econômica Exclusiva de Suécia","Zona Ekonomi Eksklusif Swedia","Eneo la Kiuchumi la Kipekee la Uswidi"
"en","EEZ","8373","Syrian Exclusive Economic Zone","3606ee2ec259b0a5a94af9b3d85cb40a","Zona Económica Exclusiva de Siria","Zone économique exclusive de Syrie","Zona Económica Exclusiva de Síria","Zona Econômica Exclusiva de Síria","Zona Ekonomi Eksklusif Suriah","Eneo la Kiuchumi la Kipekee la Syria"
"en","EEZ","8321","Taiwanese Exclusive Economic Zone","878a107ccea41a0bec44121c0e4a53c6","Zona Económica Exclusiva de Taiwán","Zone économique exclusive de Taïwan","Zona Económica Exclusiva de Taiwan","Zona Econômica Exclusiva de Taiwan","Zona Ekonomi Eksklusif Taiwan","Eneo la Kiuchumi la Kipekee la Taiwan"
"en","EEZ","8479","Tanzanian Exclusive Economic Zone","5954ea9f085dff60b1a5f670fbffede7","Zona Económica Exclusiva de Tanzania","Zone économique exclusive de Tanzanie","Zona Económica Exclusiva de Tanzânia","Zona Econômica Exclusiva de Tanzânia","Zona Ekonomi Eksklusif Tanzania","Eneo la Kiuchumi la Kipekee la Tanzania"
"en","EEZ","8332","Thailand Exclusive Economic Zone","a316a327ff9ee4d627309eefe0e56eed","Zona Económica Exclusiva de Tailandia","Zone économique exclusive de Thaïlande","Zona Económica Exclusiva de Tailândia","Zona Econômica Exclusiva de Tailândia","Zona Ekonomi Eksklusif Thailand","Eneo la Kiuchumi la Kipekee la Uthai"
"en","EEZ","8392","Togolese Exclusive Economic Zone","51d32ef8f1605572856833001be13a45","Zona Económica Exclusiva de Togo","Zone économique exclusive de Togo","Zona Económica Exclusiva de Togo","Zona Econômica Exclusiva de Togo","Zona Ekonomi Eksklusif Togo","Eneo la Kiuchumi la Kipekee la Togo"
"en","EEZ","8449","Tokelau Exclusive Economic Zone","fc848833ab01e704553f9f7e474697c6","Zona Económica Exclusiva de Tokelau","Zone économique exclusive de Tokelau","Zona Económica Exclusiva de Toquelau","Zona Econômica Exclusiva de Toquelau","Zona Ekonomi Eksklusif Tokelau","Eneo la Kiuchumi la Kipekee la Tokelau"
"en","EEZ","8448","Tongan Exclusive Economic Zone","3c4b0b1d62f7447a6955753190b5b79d","Zona Económica Exclusiva de Tonga","Zone économique exclusive de Tonga","Zona Económica Exclusiva de Tonga","Zona Econômica Exclusiva de Tonga","Zona Ekonomi Eksklusif Tonga","Eneo la Kiuchumi la Kipekee la Tonga"
"en","EEZ","8420","Trinidad and Tobago Exclusive Economic Zone","59d19317964ed32078aef83d164ad8b2","Zona Económica Exclusiva de Trinidad y Tobago","Zone économique exclusive de Trinité-et-Tobago","Zona Económica Exclusiva de Trinidad e Tobago","Zona Econômica Exclusiva de Trinidad e Tobago","Zona Ekonomi Eksklusif Trinidad dan Tobago","Eneo la Kiuchumi la Kipekee la Trinidad na Tobago"
"en","EEZ","8382","Tristan Da Cunha Exclusive Economic Zone","856ca465e18c15114fedd40041d8a7d2","Zona Económica Exclusiva de Tristán de Acuña","Zone économique exclusive de Tristan da Cunha","Zona Económica Exclusiva de Tristão da Cunha","Zona Econômica Exclusiva de Tristão da Cunha","Zona Ekonomi Eksklusif Tristan da Cunha","Eneo la Kiuchumi la Kipekee la Tristan da Cunha"
"en","EEZ","8366","Tunisian Exclusive Economic Zone","1f70427f37ab9aa323c5c8d053c97523","Zona Económica Exclusiva de Túnez","Zone économique exclusive de Tunisie","Zona Económica Exclusiva de Tunísia","Zona Econômica Exclusiva de Tunísia","Zona Ekonomi Eksklusif Tunisia","Eneo la Kiuchumi la Kipekee la Tunisia"
"en","EEZ","5697","Turkish Exclusive Economic Zone","02c039bf8ddfadde59b0cabd5dcda4eb","Zona Económica Exclusiva de Turquía","Zone économique exclusive de Turquie","Zona Económica Exclusiva de Turquia","Zona Econômica Exclusiva de Turquia","Zona Ekonomi Eksklusif Turki","Eneo la Kiuchumi la Kipekee la Uturuki"
"en","EEZ","26523","Turkmen Exclusive Economic Zone","aa7e637a1a0af28df8ce87dcf93b7a52","Zona Económica Exclusiva de Turkmenistán","Zone économique exclusive de Turkménistan","Zona Económica Exclusiva de Turquemenistão","Zona Econômica Exclusiva de Turquemenistão","Zona Ekonomi Eksklusif Turkmenistan","Eneo la Kiuchumi la Kipekee la Turkmenistan"
"en","EEZ","8405","Turks and Caicos Exclusive Economic Zone","35498d8364f8be71d28071742e23e8a9","Zona Económica Exclusiva de las islas Turcas y Caicos","Zone économique exclusive des îles Turques-et-Caïques","Zona Económica Exclusiva das ilhas Turcas e Caicos","Zona Econômica Exclusiva das ilhas Turcas e Caicos","Zona Ekonomi Eksklusif Kepulauan Turks dan Caicos","Eneo la Kiuchumi la Kipekee la Visiwa vya Turks na Caicos"
"en","EEZ","8326","Tuvaluan Exclusive Economic Zone","0f2cb2f4fc5314ef4487774b4ca16ada","Zona Económica Exclusiva de Tuvalu","Zone économique exclusive de Tuvalu","Zona Económica Exclusiva de Tuvalu","Zona Econômica Exclusiva de Tuvalu","Zona Ekonomi Eksklusif Tuvalu","Eneo la Kiuchumi la Kipekee la Tuvalu"
"en","EEZ","8360","United Arab Emirates Exclusive Economic Zone","eabadbb629ce4b56ed3e8c2043eb2960","Zona Económica Exclusiva de Emiratos Árabes Unidos","Zone économique exclusive d'Émirats arabes unis","Zona Económica Exclusiva de Emirados Árabes Unidos","Zona Econômica Exclusiva de Emirados Árabes Unidos","Zona Ekonomi Eksklusif Uni Emirat Arab","Eneo la Kiuchumi la Kipekee la Falme za Kiarabu"
"en","EEZ","5696","United Kingdom Exclusive Economic Zone","09df48103d3614c4205720eb5f8861c9","Zona Económica Exclusiva de Reino Unido","Zone économique exclusive de Royaume-Uni","Zona Económica Exclusiva de Reino Unido","Zona Econômica Exclusiva de Reino Unido","Zona Ekonomi Eksklusif Britania Raya","Eneo la Kiuchumi la Kipekee la Uingereza"
"en","EEZ","8456","United States Exclusive Economic Zone","25314b72d64aa2c82726a32195f4a3d0","Zona Económica Exclusiva de Estados Unidos","Zone économique exclusive d'États-Unis","Zona Económica Exclusiva de Estados Unidos","Zona Econômica Exclusiva de Estados Unidos","Zona Ekonomi Eksklusif Amerika Serikat","Eneo la Kiuchumi la Kipekee la Marekani"
"en","EEZ","8463","United States Exclusive Economic Zone (Alaska)","21ce0985fae0c96a8d5fe189e000be3e","Zona Económica Exclusiva de Alaska","Zone économique exclusive d'Alaska","Zona Económica Exclusiva de Alasca","Zona Econômica Exclusiva de Alasca","Zona Ekonomi Eksklusif Alaska","Eneo la Kiuchumi la Kipekee la Alaska"
"en","EEZ","8453","United States Exclusive Economic Zone (Hawaii)","093a093e2c3d8d4aba5ee61a55ce9973","Zona Económica Exclusiva de Hawái","Zone économique exclusive de Hawaï","Zona Económica Exclusiva de Havaí","Zona Econômica Exclusiva de Havaí","Zona Ekonomi Eksklusif Hawaii","Eneo la Kiuchumi la Kipekee la Hawaii"
"en","EEZ","8467","Uruguayan Exclusive Economic Zone","511c8f419373cb696bea5087ffc8dc0f","Zona Económica Exclusiva de Uruguay","Zone économique exclusive d'Uruguay","Zona Económica Exclusiva de Uruguai","Zona Econômica Exclusiva de Uruguai","Zona Ekonomi Eksklusif Uruguay","Eneo la Kiuchumi la Kipekee la Uruguay"
"en","EEZ","8313","Vanuatu Exclusive Economic Zone","cc3cb1efe16484848327445c0206a10d","Zona Económica Exclusiva de Vanuatu","Zone économique exclusive de Vanuatu","Zona Económica Exclusiva de Vanuatu","Zona Econômica Exclusiva de Vanuatu","Zona Ekonomi Eksklusif Vanuatu","Eneo la Kiuchumi la Kipekee la Vanuatu"
"en","EEZ","8433","Venezuelan Exclusive Economic Zone","5893ca58176a1ca0eaf2291e9550e146","Zona Económica Exclusiva de Venezuela","Zone économique exclusive de Venezuela","Zona Económica Exclusiva de Venezuela","Zona Econômica Exclusiva de Venezuela","Zona Ekonomi Eksklusif Venezuela","Eneo la Kiuchumi la Kipekee la Venezuela"
"en","EEZ","8484","Vietnamese Exclusive Economic Zone","8bad1f79e49ba1878a6facd1f2c5ef15","Zona Económica Exclusiva de Vietnam","Zone économique exclusive de Vietnam","Zona Económica Exclusiva de Vietname","Zona Econômica Exclusiva de Vietname","Zona Ekonomi Eksklusif Vietnam","Eneo la Kiuchumi la Kipekee la Vietnam"
"en","EEZ","33180","Virgin Islander Exclusive Economic Zone","27c284e1750287f7b56d3dc87347a053","Zona Económica Exclusiva de las Islas Vírgenes de los Estados Unidos","Zone économique exclusive des îles Vierges des États-Unis","Zona Económica Exclusiva das Ilhas Virgens dos Estados Unidos","Zona Econômica Exclusiva das Ilhas Virgens dos Estados Unidos","Zona Ekonomi Eksklusif Kepulauan Virgin Amerika Serikat","Eneo la Kiuchumi la Kipekee la Visiwa vya Virgin vya Marekani"
"en","EEZ","8319","Wake Island Exclusive Economic Zone","bf5214b43e3bfec7d09517cabd4021b7","Zona Económica Exclusiva de la isla Wake","Zone économique exclusive de l'île Wake","Zona Económica Exclusiva da ilha Wake","Zona Econômica Exclusiva da ilha Wake","Zona Ekonomi Eksklusif Pulau Wake","Eneo la Kiuchumi la Kipekee la Kisiwa cha Wake"
"en","EEZ","8454","Wallis and Futuna Exclusive Economic Zone","9cf93830b17a3aa0b763a0970f32777a","Zona Económica Exclusiva de Wallis y Futuna","Zone économique exclusive de Wallis-et-Futuna","Zona Económica Exclusiva de Wallis e Futuna","Zona Econômica Exclusiva de Wallis e Futuna","Zona Ekonomi Eksklusif Wallis dan Futuna","Eneo la Kiuchumi la Kipekee la Wallis na Futuna"
"en","EEZ","8353","Yemeni Exclusive Economic Zone","3d1e3a7538bd5da1d55fab3f7332c8d1","Zona Económica Exclusiva de Yemen","Zone économique exclusive de Yémen","Zona Económica Exclusiva de Iémen","Zona Econômica Exclusiva de Iémen","Zona Ekonomi Eksklusif Yaman","Eneo la Kiuchumi la Kipekee la Yemen"
"en","IHO","3314","Adriatic Sea","524605043642431ab7cd5cd01ba0a8fc","mar Adriático","mer Adriatique","Mar Adriático","Mar Adriático","Laut Adriatik","Bahari ya Adriatiki"
"en","IHO","3315","Aegean Sea","14d149d7c9326303168e4206bbcf7796","mar Egeo","mer Égée","Mar Egeu","Mar Egeu","Laut Aegea","Bahari ya Aegean"
"en","IHO","3324","Alboran Sea","06caaf0214201408a79073eb6fe22610","mar de Alborán","mer d'Alboran","Mar de Alborão","Mar de Alborão","Laut Albora","Bahari ya Alboran"
"en","IHO","4274","Andaman or Burma Sea","a4a73ca2197364ad6528b440c00d49ae","mar de Andamán o de Birmania","mer d'Andaman ou de Birmanie","Mar de Andamão ou da Birmânia","Mar de Andamão ou da Birmânia","Laut Andaman atau Burma","Bahari ya Andaman au Burma"
"en","IHO","4268","Arabian Sea","9e04dcb13e36d8ea0d7cc25ac82e8c40","mar Arábigo","mer d'Arabie","Mar Arábico","Mar Arábico","Laut Arab","Bahari ya Kiarabu"
"en","IHO","4347","Arafura Sea","83c129ce3f88e547cc09863c43ce4bd3","mar de Arafura","mer d'Arafura","Mar de Arafura","Mar de Arafura","Laut Arafura","Bahari ya Arafura"
"en","IHO","1906","Arctic Ocean","c57f1dd7e8c2d2ec79fc7897c9d8f6a1","océano Ártico","océan Arctique","Oceano Ártico","Oceano Ártico","Samudra Arktik","Bahari ya Aktiki"
"en","IHO","4253","Baffin Bay","cb4f948e3a840b656f387cdb8711e02a","bahía de Baffin","baie de Baffin","Baía de Baffin","Baía de Baffin","Teluk Baffin","Hori ya Baffin"
"en","IHO","3322","Balearic (Iberian Sea)","0a28750c8e76a8eb2ee577288616e339","mar Balear (mar Ibérico)","mer des Baléares (mer Ibérique)","Mar Baleárico (Mar Ibérico)","Mar Baleárico (Mar Ibérico)","Laut Balearik (Laut Iberia)","Bahari ya Baleari (Bahari ya Iberia)"
"en","IHO","4340","Bali Sea","c4d9159c1319316f195d53f2fdcb4a13","mar de Bali","mer de Bali","Mar de Bali","Mar de Bali","Laut Bali","Bahari ya Bali"
"en","IHO","2401","Baltic Sea","3013a702129d63f8dc4c544c491c236d","Mar Báltico","mer Baltique","Mar Báltico","Mar Báltico","Laut Baltik","Bahari ya Baltiki"
"en","IHO","4349","Banda Sea","62d9330cb15d6c176df87b8218aaf182","mar de Banda","mer de Banda","Mar de Banda","Mar de Banda","Laut Banda","Bahari ya Banda"
"en","IHO","4247","Barentsz Sea","80fe03a0f5465c916b50cde29955de10","mar de Barents","mer de Barents","Mar de Barents","Mar de Barents","Laut Barents","Bahari ya Barents"
"en","IHO","4366","Bass Strait","6524c3584da186d8b9556c9643eda0c1","estrecho de Bass","détroit de Bass","Estreito de Bass","Estreito de Bass","Selat Bass","Mlangobahari wa Bass"
"en","IHO","4273","Bay of Bengal","030eabf34091c8523365fbdce52be4fe","bahía de Bengala","golfe du Bengale","Golfo de Bengala","Golfo de Bengala","Teluk Benggala","Ghuba ya Bengali"
"en","IHO","2359","Bay of Biscay","cbe74c2a0f1a06b69d3fbf9a288fec4e","golfo de Vizcaya","golfe de Gascogne","Golfo da Biscaia","Golfo da Biscaia","Teluk Biskay","Ghuba ya Biskaya"
"en","IHO","4289","Bay of Fundy","03b2b3ba074e724e852085de16972a56","Bahía de Fundy","baie de Fundy","Baía de Fundy","Baía de Fundy","Teluk Fundy","Hori ya Fundy"
"en","IHO","4256","Beaufort Sea","41ed65c0b2305dfd18a1e4bcf095974f","mar de Beaufort","mer de Beaufort","Mar de Beaufort","Mar de Beaufort","Laut Beaufort","Bahari ya Beaufort"
"en","IHO","4310","Bering Sea","37aa5e1461e3428d13899800fd32ac4c","mar de Bering","mer de Béring","Mar de Bering","Mar de Bering","Laut Bering","Bahari ya Bering"
"en","IHO","4360","Bismarck Sea","854f1029ed89567e60d6f65e7547c768","mar de Bismarck","mer de Bismarck","Mar de Bismarck","Mar de Bismarck","Laut Bismarck","Bahari ya Bismarck"
"en","IHO","3319","Black Sea","d9adbf74d35904236faedba1b1ae3609","mar Negro","mer Noire","Mar Negro","Mar Negro","Laut Hitam","Bahari Nyeusi"
"en","IHO","3141","Bristol Channel","c2a5fb6a9e50d976aa61ec1479a90a85","Canal de Bristol","canal de Bristol","Canal de Bristol","Canal de Bristol","Selat Bristol","Mfereji wa Bristol"
"en","IHO","4287","Caribbean Sea","5277dd1a1522c328bbae71014eeb7673","mar Caribe","mer des Caraïbes","Mar do Caribe","Mar do Caribe","Laut Karibia","Bahari ya Karibi"
"en","IHO","None","Caspian Sea","af033a7a93a75e22afa6a0950568599a","mar Caspio","mer Caspienne","Mar Cáspio","Mar Cáspio","Laut Kaspia","Bahari ya Kaspi"
"en","IHO","4359","Celebes Sea","294176dac897f3b53203e008f333659a","mar de Célebes","mer de Célèbes","Mar de Celebes","Mar de Celebes","Laut Sulawesi","Bahari ya Celebes"
"en","IHO","2351","Celtic Sea","a8acbcf5b7ea64356bb986d929f5c690","mar Céltico","mer Celtique","Mar Celta","Mar Celta","Laut Keltik","Bahari ya Kiselti"
"en","IHO","4351","Ceram Sea","e0190ba972da3330ca5c6442f40c7279","mar de Ceram","mer de Seram","Mar de Ceram","Mar de Ceram","Laut Seram","Bahari ya Ceram"
"en","IHO","4257","Chukchi Sea","661478c7641d5aab0c5b58812cb554b9","mar de Chukotka","mer des Tchouktches","Mar de Chukchi","Mar de Chukchi","Laut Chukchi","Bahari ya Chukchi"
"en","IHO","4364","Coral Sea","f1d4c17fd2190aa77580c086309a5193","mar del Coral","mer de Corail","Mar de Coral","Mar de Coral","Laut Karang","Bahari ya Matumbawe"
"en","IHO","4250","Davis Strait","b750ee9e466c3522b1a559e103dbbe3e","Estrecho de Davis","détroit de Davis","Estreito de Davis","Estreito de Davis","Selat Davis","Mlangobahari wa Davis"
"en","IHO","4244","East Siberian Sea","029ea5a173226cfcf4bc45f64fe9922a","mar de Siberia Oriental","mer de Sibérie orientale","Mar Siberiano Oriental","Mar Siberiano Oriental","Laut Siberia Timur","Bahari ya Mashariki ya Siberia"
"en","IHO","4302","Eastern China Sea","cf0d8f0368dba5fc2a5ddcbe4a82274f","mar de China Oriental","mer de Chine orientale","Mar da China Oriental","Mar da China Oriental","Laut Tiongkok Timur","Bahari ya Uchina ya Mashariki"
"en","IHO","2389","English Channel","f09f9a4a83c5f0ae71ac45004ef3a07d","canal de la Mancha","Manche","Canal da Mancha","Canal da Mancha","Selat Inggris","Mfereji wa Kiingereza"
"en","IHO","4341","Flores Sea","8be91c03f66dda5ae76afb229b9e915e","mar de Flores","mer de Florès","Mar das Flores","Mar das Flores","Laut Flores","Bahari ya Flores"
"en","IHO","4276","Great Australian Bight","0755a0d85ca8b4b6e6058d17e3d32b0f","Gran Bahía Australiana","Grande baie australienne","Grande Baía Australiana","Grande Baía Australiana","Teluk Australia Besar","Hori Kuu ya Australia"
"en","IHO","2356","Greenland Sea","909c57e5a6b93c0366872e27cb2f0a47","mar de Groenlandia","mer du Groenland","mar da Gronelândia","mar da Gronelândia","Laut Greenland","Bahari ya Greenland"
"en","IHO","4265","Gulf of Aden","63e9541443ff4accabf88738668665d9","Golfo de Adén","golfe d'Aden","Golfo de Áden","Golfo de Áden","Teluk Aden","Ghuba ya Aden"
"en","IHO","4312","Gulf of Alaska","2562e2098d9b47df82c37ac339a832da","Golfo de Alaska","golfe d'Alaska","Golfo do Alasca","Golfo do Alasca","Teluk Alaska","Ghuba ya Alaska"
"en","IHO","4263","Gulf of Aqaba","978720258bd1dbe151cd33be42175f6f","Golfo de Áqaba","golfe d'Aqaba","Golfo de Acaba","Golfo de Acaba","Teluk Aqabah","Ghuba ya Akaba"
"en","IHO","4350","Gulf of Boni","f285741fa43da9071f4bd7bbf86100a5","Golfo de Boni","golfe de Boni","Golfo de Boni","Golfo de Boni","Teluk Boni","Ghuba ya Boni"
"en","IHO","2402","Gulf of Bothnia","f970de7da0cdaf1aee48ccc783ccf976","Golfo de Botnia","golfe de Botnie","Golfo de Bótnia","Golfo de Bótnia","Teluk Bothnia","Ghuba ya Botnia"
"en","IHO","4314","Gulf of California","cefc7440ca93afc7c03d65987df2f520","Golfo de California","golfe de Californie","Golfo da Califórnia","Golfo da Califórnia","Teluk California","Ghuba ya Kalifornia"
"en","IHO","2407","Gulf of Finland","b25d360f2ebad3eb7366242c1129b461","Golfo de Finlandia","golfe de Finlande","Golfo da Finlândia","Golfo da Finlândia","Teluk Finlandia","Ghuba ya Ufini"
"en","IHO","4286","Gulf of Guinea","edafe6ac181d220e95ec1f676b737540","Golfo de Guinea","golfe de Guinée","Golfo da Guiné","Golfo da Guiné","Teluk Guinea","Ghuba ya Guinea"
"en","IHO","4288","Gulf of Mexico","be39bb5f8e302a485dc0109dd0a54b6e","golfo de México","golfe du Mexique","Golfo do México","Golfo do México","Teluk Meksiko","Ghuba ya Meksiko"
"en","IHO","4267","Gulf of Oman","49175908a4b8afa4550966970594c17d","Golfo de Omán","golfe d'Oman","Golfo de Omã","Golfo de Omã","Teluk Oman","Ghuba ya Omani"
"en","IHO","2409","Gulf of Riga","98193018817ef0e3dc9820458657aa56","Golfo de Riga","golfe de Riga","Golfo de Riga","Golfo de Riga","Teluk Riga","Ghuba ya Riga"
"en","IHO","4290","Gulf of St. Lawrence","06f4655e931be599ba7b36b945b994d1","Golfo de San Lorenzo","golfe du Saint-Laurent","Golfo de São Lourenço","Golfo de São Lourenço","Teluk Saint Laurensius","Ghuba ya Saint Lawrence"
"en","IHO","4262","Gulf of Suez","7d8d26b68d2676162bbec68c14413914","Golfo de Suez","golfe de Suez","Golfo de Suez","Golfo de Suez","Teluk Suez","Ghuba ya Suez"
"en","IHO","4334","Gulf of Thailand","3e7e1c98bdb4c28f91f353083db25aa5","golfo de Tailandia","golfe de Thaïlande","golfo da Tailândia","golfo da Tailândia","Teluk Thailand","Ghuba ya Uthai"
"en","IHO","4355","Gulf of Tomini","4872fba8ad33a7dfdfe7ff1a4c4a8cdc","Golfo de Tomini","golfe de Tomini","Golfo de Tomini","Golfo de Tomini","Teluk Tomini","Ghuba ya Tomini"
"en","IHO","4353","Halmahera Sea","3966beac5803b682392018b3c9e2e8a9","mar de Halmahera","mer d'Halmahera","Mar de Halmahera","Mar de Halmahera","Laut Halmahera","Bahari ya Halmahera"
"en","IHO","4252","Hudson Bay","96afd693679d1e890ad7f0772c7b3055","Bahía de Hudson","baie d'Hudson","Baía de Hudson","Baía de Hudson","Teluk Hudson","Ghuba ya Hudson"
"en","IHO","4251","Hudson Strait","b72342d9012a56decc8f1b2ddc38169b","Estrecho de Hudson","détroit d'Hudson","Estreito de Hudson","Estreito de Hudson","Selat Hudson","Mlango wa Hudson"
"en","IHO","1904","Indian Ocean","fe6fc882219d15741f37646dfd14faad","océano Índico","océan Indien","Oceano Índico","Oceano Índico","Samudra Hindia","Bahari ya Hindi"
"en","IHO","4283","Inner Seas off the West Coast of Scotland","a476746229957296c40f10d802ba65a5","mares interiores frente a la costa occidental de Escocia","mers intérieures au large de la côte occidentale de l'Écosse","Mares interiores ao largo da costa oeste da Escócia","Mares interiores ao largo da costa oeste da Escócia","Laut pedalaman di lepas pantai barat Skotlandia","Bahari za ndani karibu na pwani ya magharibi ya Scotland"
"en","IHO","3351","Ionian Sea","1650fa848cc24de867fc01ccce38a615","mar Jónico","mer Ionienne","Mar Jônico","Mar Jônico","Laut Ionia","Bahari ya Ionia"
"en","IHO","2357","Irish Sea and St. George's Channel","9ca9acec518a53c4cee8c3fa6be68a23","mar de Irlanda y canal de San Jorge","mer d'Irlande et canal Saint-Georges","Mar da Irlanda e Canal de São Jorge","Mar da Irlanda e Canal de São Jorge","Laut Irlandia dan Kanal St. George","Bahari ya Ireland na Mfereji wa St. George"
"en","IHO","4307","Japan Sea","552ed5243ed4da8299b6858dcce33c61","mar del Japón","mer du Japon","Mar do Japão","Mar do Japão","Laut Jepang","Bahari ya Japani"
"en","IHO","4338","Java Sea","05cc8534d95471b6b7a03daa03064b6c","mar de Java","mer de Java","Mar de Java","Mar de Java","Laut Jawa","Bahari ya Java"
"en","IHO","4246","Kara Sea","9b8f681c043457e584a782c4ab65f1cd","mar de Kara","mer de Kara","Mar de Kara","Mar de Kara","Laut Kara","Bahari ya Kara"
"en","IHO","2374","Kattegat","23ce3aa32cdfee1884805f138b3edcc1","Categat","Cattégat","Kattegat","Kattegat","Teluk Kattegat","Kattegat"
"en","IHO","4291","Labrador Sea","83c03a029d0cd5340cdb52a231922477","mar de Labrador","mer du Labrador","Mar do Labrador","Mar do Labrador","Laut Labrador","Bahari ya Labrador"
"en","IHO","4269","Laccadive Sea","de805e7a5106b640dab79a2ba609de60","mar de Laquedivas","mer des Laquedives","Mar das Laquedivas","Mar das Laquedivas","Laut Lakadewa","Bahari ya Lakadivi"
"en","IHO","4245","Laptev Sea","8f6b905365f4b72ad62f427cf800fc79","mar de Láptev","mer des Laptev","Mar de Laptev","Mar de Laptev","Laut Laptev","Bahari ya Laptev"
"en","IHO","3363","Ligurian Sea","4de9d81a08129bea6d5dd7e941aae252","mar de Liguria","mer ligure","Mar Lígure","Mar Lígure","Laut Liguria","Bahari ya Liguria"
"en","IHO","4254","Lincoln Sea","248f8d952131e3b6f04a4d19b711f5c1","mar de Lincoln","mer de Lincoln","Mar de Lincoln","Mar de Lincoln","Laut Lincoln","Bahari ya Lincoln"
"en","IHO","4339","Makassar Strait","e15970fca07c7a42185131e93a594549","Estrecho de Macasar","détroit de Macassar","Estreito de Macáçar","Estreito de Macáçar","Selat Makassar","Mlango wa Makassar"
"en","IHO","4275","Malacca Strait","522f2ea4aae29e26036ab922204c3e28","Estrecho de Malaca","détroit de Malacca","Estreito de Malaca","Estreito de Malaca","Selat Malaka","Mlango wa Malakka"
"en","IHO","4280","Mediterranean Sea - Eastern Basin","a907a5a1faa7e1d31290fadb688e545a","mar Mediterráneo - cuenca oriental","mer Méditerranée - bassin oriental","Mar Mediterrâneo - bacia oriental","Mar Mediterrâneo - bacia oriental","Laut Tengah - Cekungan Timur","Bahari ya Mediterania - Bonde la Mashariki"
"en","IHO","4279","Mediterranean Sea - Western Basin","21b32f24d24cba28496acad6e83c9c3e","mar Mediterráneo - cuenca occidental","mer Méditerranée - bassin occidental","Mar Mediterrâneo - bacia ocidental","Mar Mediterrâneo - bacia ocidental","Laut Tengah - Cekungan Barat","Bahari ya Mediterania - Bonde la Magharibi"
"en","IHO","4354","Molukka Sea","5b2a9f240d12002aff0446cef940accc","mar de Molucas","mer des Moluques","Mar das Molucas","Mar das Molucas","Laut Maluku","Bahari ya Maluku"
"en","IHO","4261","Mozambique Channel","40cc2e8c3f0a12d2c1cde7882ae5884b","Canal de Mozambique","canal du Mozambique","Canal de Moçambique","Canal de Moçambique","Selat Mozambique","Mfereji wa Msumbiji"
"en","IHO","1912","North Atlantic Ocean","ea3bd2756fade045da26197277746b83","océano Atlántico Norte","océan Atlantique Nord","Oceano Atlântico Norte","Oceano Atlântico Norte","Samudra Atlantik Utara","Bahari ya Atlantiki Kaskazini"
"en","IHO","1908","North Pacific Ocean","0adc46ed107a68d84fbab1b508dc6709","océano Pacífico Norte","océan Pacifique nord","Oceano Pacífico Norte","Oceano Pacífico Norte","Samudra Pasifik Utara","Bahari ya Pasifiki Kaskazini"
"en","IHO","2350","North Sea","d22ce75aa49bb6860c2b05149a7a763c","mar del Norte","mer du Nord","Mar do Norte","Mar do Norte","Laut Utara","Bahari ya Kaskazini"
"en","IHO","2353","Norwegian Sea","eb211409d013957ac3eaee90143ec42b","mar de Noruega","mer de Norvège","Mar da Noruega","Mar da Noruega","Laut Norwegia","Bahari ya Norwei"
"en","IHO","4266","Persian Gulf","65a33a79589a73a46fd9a7abf2eb920e","golfo Pérsico","golfe Persique","Golfo Pérsico","Golfo Pérsico","Teluk Persia","Ghuba ya Uajemi"
"en","IHO","4300","Philippine Sea","a1a1c5bcc26c7369f190e86fba3f190f","mar de Filipinas","mer des Philippines","Mar das Filipinas","Mar das Filipinas","Laut Filipina","Bahari ya Ufilipino"
"en","IHO","4264","Red Sea","d4f04f6aeb0cc4b2ca1513b103172c17","mar Rojo","mer Rouge","Mar Vermelho","Mar Vermelho","Laut Merah","Bahari Nyekundu"
"en","IHO","4325","Rio de La Plata","f6aeb28e45dbb37dfda1b9c32bd2ce62","Río de la Plata","río de la Plata","Rio da Prata","Rio da Prata","Rio de la Plata","Rio de la Plata"
"en","IHO","4343","Savu Sea","516110ade649d5e8ce20f5a633657882","mar de Savu","mer de Savu","Mar de Savu","Mar de Savu","Laut Sawu","Bahari ya Savu"
"en","IHO","3320","Sea of Azov","e81d4caeae6acc045cc45a9ee36b394f","mar de Azov","mer d'Azov","Mar de Azov","Mar de Azov","Laut Azov","Bahari ya Azov"
"en","IHO","3369","Sea of Marmara","f00eb4ba644305a4d9f790092bfbb1a5","mar de Mármara","mer de Marmara","Mar de Mármara","Mar de Mármara","Laut Marmara","Bahari ya Marmara"
"en","IHO","4309","Sea of Okhotsk","bb988c8f233714d9e9dac7b3e3940d06","mar de Ojotsk","mer d'Okhotsk","Mar de Okhotsk","Mar de Okhotsk","Laut Okhotsk","Bahari ya Ohotsk"
"en","IHO","4306","Seto Naikai or Inland Sea","d7bbe5bde1b82e666e587ec99334cc0a","Seto Naikai o mar Interior de Seto","Seto Naikai ou mer intérieure de Seto","Seto Naikai ou Mar Interior de Seto","Seto Naikai ou Mar Interior de Seto","Seto Naikai atau Laut Pedalaman Seto","Seto Naikai au Bahari ya Ndani ya Seto"
"en","IHO","4336","Singapore Strait","e58468c66fa113879fb6358ad9698652","Estrecho de Singapur","détroit de Singapour","Estreito de Singapura","Estreito de Singapura","Selat Singapura","Mlango wa Singapura"
"en","IHO","2379","Skagerrak","843733d0321022f0ef48c2752dbb1377","Skagerrak","Skagerrak","Skagerrak","Skagerrak","Skagerrak","Skagerrak"
"en","IHO","4361","Solomon Sea","c6a36163cad32973b239f3be9d035db1","mar de Salomón","mer des Salomon","Mar de Salomão","Mar de Salomão","Laut Solomon","Bahari ya Solomon"
"en","IHO","1914","South Atlantic Ocean","6c943927c095b135dd1ef0a8ae17f8ad","océano Atlántico Sur","océan Atlantique Sud","Oceano Atlântico Sul","Oceano Atlântico Sul","Samudra Atlantik Selatan","Bahari ya Atlantiki Kusini"
"en","IHO","4332","South China Sea","a17a746b67c0d020a8c0e554b31e47b8","mar de China Meridional","mer de Chine méridionale","Mar da China Meridional","Mar da China Meridional","Laut Tiongkok Selatan","Bahari ya Kusini ya China"
"en","IHO","1910","South Pacific Ocean","a136a17f0579245a351b5cd9737d6c4e","océano Pacífico Sur","océan Pacifique sud","Oceano Pacífico Sul","Oceano Pacífico Sul","Samudra Pasifik Selatan","Bahari ya Pasifiki Kusini"
"en","IHO","1907","Southern Ocean","df492575568388a3bdf54a91afdf61c9","océano Austral","océan Austral","Oceano Austral","Oceano Austral","Samudra Selatan","Bahari ya Kusini"
"en","IHO","3346","Strait of Gibraltar","f821d41c4fb5dd76f609f710f2acc5a6","Estrecho de Gibraltar","détroit de Gibraltar","Estreito de Gibraltar","Estreito de Gibraltar","Selat Gibraltar","Mlango wa Gibraltar"
"en","IHO","4358","Sulu Sea","af614d19744c8fe9a3fb3b43e802e4bb","mar de Joló","mer de Soulou","Mar de Sulu","Mar de Sulu","Laut Sulu","Bahari ya Sulu"
"en","IHO","4365","Tasman Sea","4b4660f85d4728dab3ac587eb8e70d18","mar de Tasmania","mer de Tasman","Mar da Tasmânia","Mar da Tasmânia","Laut Tasman","Bahari ya Tasmania"
"en","IHO","4313","The Coastal Waters of Southeast Alaska and British Columbia","4665c6bb7380a3dfef824058aded4231","aguas costeras del sudeste de Alaska y Columbia Británica","eaux côtières du sud-est de l'Alaska et de la Colombie-Britannique","águas costeiras do sudeste do Alasca e da Colúmbia Britânica","águas costeiras do sudeste do Alasca e da Colúmbia Britânica","Perairan pesisir Alaska tenggara dan British Columbia","Maji ya pwani ya kusini-mashariki mwa Alaska na British Columbia"
"en","IHO","5698","The Northwestern Passages","7ba4860c76f889efaf2f0028bf28b4f6","pasos del Noroeste","passages du Nord-Ouest","Passagens do Noroeste","Passagens do Noroeste","Lintasan Barat Laut","Njia za Kaskazini-Magharibi"
"en","IHO","4344","Timor Sea","aad76ec6147765c9b24063e43b78527b","mar de Timor","mer de Timor","Mar de Timor","Mar de Timor","Laut Timor","Bahari ya Timor"
"en","IHO","3386","Tyrrhenian Sea","ca0d3e44333a46cc80462b69578b93d4","mar Tirreno","mer Tyrrhénienne","Mar Tirreno","Mar Tirreno","Laut Tirenia","Bahari ya Tyrrheni"
"en","IHO","4248","White Sea","b69de6970239a3774238f8524644370e","mar Blanco","mer Blanche","Mar Branco","Mar Branco","Laut Putih","Bahari Nyeupe"
"en","IHO","4303","Yellow Sea","f792fec9d5d586b55fb35e155dfcec88","mar Amarillo","mer Jaune","Mar Amarelo","Mar Amarelo","Laut Kuning","Bahari ya Njano"
